<?xml version="1.0" encoding="UTF-8"?>
<PE_PROJECT_SETTINGS_DOCUMENTATION>
  <PE_product_version v="version 10.0 for Freescale Microcontrollers" />
  <PE_core_version v="Processor Expert Version 0503" />
  <CPU_Bean name="Cpu" type="MKL25Z128LK4">
    <Enabled v="Y" />
    <Properties>
      <Component_name v="Cpu" />
      <CPU_type v="MKL25Z128VLK4" />
      <list name="Shared Internal properties" v="1">
        <EmptySection_DummyValue />
      </list>
      <list name="Shared Clock settings" v="1">
        <group name="Clock settings">
          <group name="Internal oscillator">
            <Slow_internal_reference_clock__kHz_ v="32.768000000000" />
            <boolgroup name="Initialize slow trim value" v="no" />
            <Fast_internal_reference_clock__MHz_ v="4" />
            <boolgroup name="Initialize fast trim value" v="no" />
          </group>
          <boolgroup name="RTC clock input" v="Disabled" />
          <boolgroup name="System oscillator 0" v="Disabled" />
          <list name="Clock source settings" v="1">
            <group name="Clock source setting 0">
              <group name="Internal reference clock">
                <MCGIRCLK_clock v="Enabled" />
                <MCGIRCLK_in_stop v="Disabled" />
                <enumgroup name="MCGIRCLK source" v="Slow">
                  <EmptySection_DummyValue />
                </enumgroup>
                <MCGIRCLK_clock__MHz_ v="0.032768000000" />
              </group>
              <group name="External reference clock">
                <OSC0ERCLK_clock v="Enabled" />
                <OSC0ERCLK_in_stop v="Disabled" />
                <OSC0ERCLK_clock__MHz_ v="0" />
                <ERCLK32K_clock_source v="System oscillator 0" />
                <ERCLK32K__clock__MHz_ v="0" />
              </group>
              <group name="MCG settings">
                <enumgroup name="MCG mode" v="FEI">
                  <EmptySection_DummyValue />
                </enumgroup>
                <MCG_output_clock v="FLL clock" />
                <MCG_output__MHz_ v="20.971520000000" />
                <MCG_external_ref__clock__MHz_ v="0" />
                <Clock_monitor v="Disabled" />
                <group name="FLL settings">
                  <FLL_module v="Enabled" />
                  <FLL_output__MHz_ v="20.971520000000" />
                  <MCGFFCLK_clock__kHz_ v="16.384000000000" />
                  <enumgroup name="Reference clock source" v="Slow internal clock">
                    <EmptySection_DummyValue />
                  </enumgroup>
                  <FLL_reference_clock__kHz_ v="32.768000000000" />
                  <Multiplication_factor v="Auto select" />
                </group>
                <group name="PLL 0 settings">
                  <PLL_module v="Disabled" />
                  <PLL_module_in_Stop v="Disabled" />
                  <PLL_output__MHz_ v="0" />
                  <Reference_clock_divider v="Auto select" />
                  <PLL_reference_clock__MHz_ v="1" />
                  <Multiplication_factor v="Auto select" />
                  <Loss_of_lock_interrupt v="Disabled" />
                </group>
              </group>
            </group>
          </list>
        </group>
      </list>
      <Initialization_priority v="interrupts enabled" />
      <Watchdog_disable v="yes" />
      <group name="Internal peripherals">
        <list name="Shared NMI settings" v="1">
          <boolgroup name="NMI pin" v="Enabled">
            <NMI_Pin v="TSI0_CH5/PTA4/I2C1_SDA/TPM0_CH1/NMI_b" />
            <NMI_Pin_signal v="" />
          </boolgroup>
        </list>
        <list name="Shared Reset settings" v="1">
          <boolgroup name="Reset control" v="Enabled">
            <Reset_pin v="PTA20/RESET_b" />
            <Reset_pin_signal v="" />
            <Filter_in_STOP v="Disabled" />
            <Filter_in_RUN_WAIT v="Disabled" />
            <Filter_width v="1" />
          </boolgroup>
        </list>
        <list name="Shared Flash memory organization" v="1">
          <group name="Flash memory organization">
            <list name="Shared FLASH settings" v="1">
              <EmptySection_DummyValue />
            </list>
            <list name="Flash blocks" v="1">
              <group name="Flash block 0">
                <Address v="0" />
                <Size v="131072" />
                <Write_unit_size v="4" />
                <Erase_unit_size v="1024" />
                <Protection_unit_size v="4096" />
              </group>
            </list>
          </group>
        </list>
        <list name="Shared Flash Config settings" v="1">
          <boolgroup name="Flash configuration field" v="Disabled" />
        </list>
        <list name="Shared Peripheral Bridge MCM settings" v="1">
          <boolgroup name="MCM settings" v="Disabled" />
        </list>
        <list name="Shared Power Management Controller settings" v="1">
          <group name="Power management controller">
            <LVD_reset v="Enabled" />
            <LVD_voltage_treshold v="Low" />
            <LVW_voltage_treshold v="Low" />
            <Bandgap_buffer v="Disabled" />
            <Bandgap_buffer_in_VLPx v="Disabled" />
            <group name="LVD interrupt">
              <Interrupt v="INT_LVD_LVW" />
              <Interrupt_request v="Disabled" />
              <Interrupt_priority v="0 (Highest)" />
              <LVD_interrupt v="Disabled" />
              <LVW_interrupt v="Disabled" />
            </group>
          </group>
        </list>
        <list name="Shared ClockGate settings" v="1">
          <group name="System Integration Module">
            <boolgroup name="CLKOUT pin control" v="Disabled" />
            <boolgroup name="Clock gating control" v="Disabled" />
          </group>
        </list>
      </group>
      <list name="Shared CPU interrupts/resets" v="1">
        <group name="CPU interrupts/resets">
          <boolgroup name="NMI interrrupt" v="Enabled">
            <Interrupt v="INT_NMI" />
          </boolgroup>
          <boolgroup name="Hard Fault" v="Disabled" />
          <boolgroup name="Bus Fault" v="Disabled" />
          <boolgroup name="Usage Fault" v="Disabled" />
          <boolgroup name="Supervisor Call" v="Disabled" />
          <boolgroup name="Pendable Service" v="Disabled" />
          <boolgroup name="MCG Loss of lock" v="Disabled" />
        </group>
      </list>
      <group name="Low power mode settings">
        <list name="Shared Low Power Settings" v="1">
          <group name="Allowed low power modes">
            <Very_low_power_modes v="Not allowed" />
            <Low_leakage_stop_mode v="Not allowed" />
            <Very_low_leakage_stop_mode v="Not allowed" />
          </group>
        </list>
        <list name="Shared LLWU settings" v="1">
          <boolgroup name="LLWU settings" v="Disabled" />
        </list>
        <list name="Shared Low Power Settings" v="1">
          <group name="Operation mode settings">
            <group name="WAIT operation mode">
              <Return_to_wait_after_ISR v="no" />
            </group>
            <group name="SLEEP operation mode">
              <Low_Power_mode v="STOP" />
              <Return_to_stop_after_ISR v="no" />
            </group>
            <boolgroup name="STOP operation mode" v="Disabled" />
          </group>
        </list>
      </group>
      <list name="Clock configurations" v="1">
        <group name="Clock configuration 0">
          <boolgroup name="Very low power mode" v="Disabled" />
          <enumgroup name="Clock source setting" v="configuration 0">
            <MCG_mode v="FEI" />
            <MCG_output__MHz_ v="20.971520000000" />
            <MCGIRCLK_clock__MHz_ v="0.032768" />
            <OSCERCLK_clock__MHz_ v="0" />
            <ERCLK32K__clock__MHz_ v="0" />
            <MCGFFCLK__kHz_ v="16.384" />
          </enumgroup>
          <group name="System clocks">
            <Core_clock_prescaler v="Auto select" />
            <Core_clock v="20.971520000000" />
            <Bus_clock_prescaler v="Auto select" />
            <Bus_clock v="20.971520000000" />
            <enumgroup name="PLL/FLL clock selection" v="Auto select">
              <Clock_frequency__MHz_ v="20.971520000000" />
            </enumgroup>
            <enumgroup name="TPM clock selection" v="Auto select">
              <Clock_frequency__MHz_ v="20.971520000000" />
            </enumgroup>
          </group>
        </group>
      </list>
    </Properties>
    <Methods>
      <list name="CPUCond" v="1">
        <SetClockConfiguration v="don&amp;apos;t generate code" />
        <GetClockConfiguration v="don&amp;apos;t generate code" />
        <SetOperationMode v="don&amp;apos;t generate code" />
        <EnableInt v="don&amp;apos;t generate code" />
        <DisableInt v="don&amp;apos;t generate code" />
        <GetLLSWakeUpFlags v="don&amp;apos;t generate code" />
        <MCGAutoTrim v="don&amp;apos;t generate code" />
        <VLPModeEnable v="don&amp;apos;t generate code" />
        <VLPModeDisable v="don&amp;apos;t generate code" />
      </list>
    </Methods>
    <Events>
      <Event_module_name v="Events" />
      <list name="EvntsShrdGrp" v="1">
        <event name="OnReset" v="don&amp;apos;t generate code" />
        <event name="OnNMIINT" v="generate code">
          <Event_procedure_name v="Cpu_OnNMIINT" />
        </event>
        <event name="OnHardFault" v="don&amp;apos;t generate code" />
        <event name="OnBusFault" v="don&amp;apos;t generate code" />
        <event name="OnUsageFault" v="don&amp;apos;t generate code" />
        <event name="OnSupervisorCall" v="don&amp;apos;t generate code" />
        <event name="OnPendableService" v="don&amp;apos;t generate code" />
        <event name="OnLossOfLockINT" v="don&amp;apos;t generate code" />
        <event name="OnLowVoltageINT" v="don&amp;apos;t generate code" />
        <event name="OnLLSWakeUpINT" v="don&amp;apos;t generate code" />
      </list>
    </Events>
    <Compiler v="GNU C Compiler" />
    <CompilerProperties>
      <Compiler v="GNU C Compiler" />
      <enumgroup name="Unhandled vectors" v="One handler for all">
        <Unhandled_int_code>
          <StrgList><![CDATA[/* This code can be changed using the CPU component property "Build Options / Unhandled int code" */
PE_DEBUGHALT();
]]></StrgList>
        </Unhandled_int_code>
      </enumgroup>
      <group name="User initialization">
        <User_data_declarations>
          <StrgList></StrgList>
        </User_data_declarations>
        <User_code_before_PE_initialization>
          <StrgList></StrgList>
        </User_code_before_PE_initialization>
        <User_code_after_PE_initialization>
          <StrgList></StrgList>
        </User_code_after_PE_initialization>
      </group>
      <boolgroup name="Generate debugger files" v="yes">
        <Generate_mem_file v="yes" />
      </boolgroup>
      <group name="Startup">
        <Add_startup_file v="no" />
      </group>
      <boolgroup name="Generate linker file" v="yes">
        <Stack_size v="1024" />
        <Heap_size v="0" />
        <Set_memory_segments_to_default v="Click to set default &amp;gt;" />
        <Default_memory_for_interrupts v="INTERNAL FLASH" />
        <Default_memory_for_code v="INTERNAL FLASH" />
        <Default_memory_for_data v="INTERNAL RAM" />
        <list name="ROM/RAM Areas" v="5">
          <group name="MemoryArea0">
            <boolgroup name="ROM/RAM Area" v="Enabled">
              <Name v="m_interrupts" />
              <Qualifier v="RX" />
              <Address v="0" />
              <Size v="192" />
            </boolgroup>
          </group>
          <group name="MemoryArea1">
            <boolgroup name="ROM/RAM Area" v="Disabled" />
          </group>
          <group name="MemoryArea2">
            <boolgroup name="ROM/RAM Area" v="Enabled">
              <Name v="m_text" />
              <Qualifier v="RX" />
              <Address v="1040" />
              <Size v="130032" />
            </boolgroup>
          </group>
          <group name="MemoryArea3">
            <boolgroup name="ROM/RAM Area" v="Enabled">
              <Name v="m_data_1FFFF000" />
              <Qualifier v="RW" />
              <Address v="536866816" />
              <Size v="4096" />
            </boolgroup>
          </group>
          <group name="MemoryArea4">
            <boolgroup name="ROM/RAM Area" v="Enabled">
              <Name v="m_data" />
              <Qualifier v="RW" />
              <Address v="536870912" />
              <Size v="12288" />
            </boolgroup>
          </group>
        </list>
      </boolgroup>
    </CompilerProperties>
  </CPU_Bean>
  <Bean name="LED1" type="LED">
    <Enabled v="Y" />
    <Properties>
      <Component_name v="LED1" />
      <LED_on_with_initialization v="no" />
      <group name="HW Interface">
        <boolgroup name="LDD" v="Enabled">
          <Field_name v="LED_R" />
          <GPIO_LDD v="GPIO1" />
          <Enabled_in_initialization_code v="no" />
        </boolgroup>
        <boolgroup name="BitIO" v="Disabled" />
        <Anode_on_port_side v="no" />
      </group>
    </Properties>
    <Methods>
      <On v="generate code" />
      <Off v="generate code" />
      <Neg v="generate code" />
      <Get v="generate code" />
      <Put v="generate code" />
      <Init v="generate code" />
      <Deinit v="generate code" />
    </Methods>
    <Events>
      <EmptySection_DummyValue />
    </Events>
  </Bean>
  <Bean name="LED2" type="LED">
    <Enabled v="Y" />
    <Properties>
      <Component_name v="LED2" />
      <LED_on_with_initialization v="no" />
      <group name="HW Interface">
        <boolgroup name="LDD" v="Enabled">
          <Field_name v="LED_G" />
          <GPIO_LDD v="GPIO1" />
          <Enabled_in_initialization_code v="no" />
        </boolgroup>
        <boolgroup name="BitIO" v="Disabled" />
        <Anode_on_port_side v="no" />
      </group>
    </Properties>
    <Methods>
      <On v="generate code" />
      <Off v="generate code" />
      <Neg v="generate code" />
      <Get v="generate code" />
      <Put v="generate code" />
      <Init v="generate code" />
      <Deinit v="generate code" />
    </Methods>
    <Events>
      <EmptySection_DummyValue />
    </Events>
  </Bean>
  <Bean name="LED3" type="LED">
    <Enabled v="Y" />
    <Properties>
      <Component_name v="LED3" />
      <LED_on_with_initialization v="no" />
      <group name="HW Interface">
        <boolgroup name="LDD" v="Enabled">
          <Field_name v="LED_B" />
          <GPIO_LDD v="GPIO1" />
          <Enabled_in_initialization_code v="no" />
        </boolgroup>
        <boolgroup name="BitIO" v="Disabled" />
        <Anode_on_port_side v="no" />
      </group>
    </Properties>
    <Methods>
      <On v="generate code" />
      <Off v="generate code" />
      <Neg v="generate code" />
      <Get v="generate code" />
      <Put v="generate code" />
      <Init v="generate code" />
      <Deinit v="generate code" />
    </Methods>
    <Events>
      <EmptySection_DummyValue />
    </Events>
  </Bean>
  <Bean name="GPIO1" type="GPIO_LDD">
    <Enabled v="Y" />
    <Template v="GPIO_LDD" />
    <Properties>
      <Component_name v="GPIO1" />
      <Port v="PTE" />
      <Port_width v="32 bits" />
      <Mask_of_allocated_pins v="7340032" />
      <boolgroup name="Interrupt service/event" v="Disabled" />
      <list name="Bit fields" v="3">
        <group name="Bit field">
          <Field_name v="LED_R" />
          <list name="Pins" v="1">
            <group name="Pin">
              <Pin v="ADC0_DP0/ADC0_SE0/PTE20/TPM1_CH0/UART0_TX" />
              <Pin_signal v="LED_R" />
              <boolgroup name="Initial pin direction" v="Output">
                <Initial_output_state v="0" />
              </boolgroup>
              <Initial_pin_event v="Disabled" />
            </group>
          </list>
        </group>
        <group name="Bit field">
          <Field_name v="LED_G" />
          <list name="Pins" v="1">
            <group name="Pin">
              <Pin v="ADC0_DM0/ADC0_SE4a/PTE21/TPM1_CH1/UART0_RX" />
              <Pin_signal v="LED_G" />
              <boolgroup name="Initial pin direction" v="Output">
                <Initial_output_state v="0" />
              </boolgroup>
              <Initial_pin_event v="Disabled" />
            </group>
          </list>
        </group>
        <group name="Bit field">
          <Field_name v="LED_B" />
          <list name="Pins" v="1">
            <group name="Pin">
              <Pin v="ADC0_DP3/ADC0_SE3/PTE22/TPM2_CH0/UART2_TX" />
              <Pin_signal v="" />
              <boolgroup name="Initial pin direction" v="Output">
                <Initial_output_state v="0" />
              </boolgroup>
              <Initial_pin_event v="Disabled" />
            </group>
          </list>
        </group>
      </list>
      <group name="Initialization">
        <list name="Auto Initialization" v="1">
          <Auto_initialization v="yes" />
        </list>
        <group name="Event mask">
          <OnPortEvent v="Disabled" />
        </group>
      </group>
    </Properties>
    <Methods>
      <Init v="generate code" />
      <Deinit v="generate code" />
      <SetEventMask v="don&amp;apos;t generate code" />
      <GetEventMask v="don&amp;apos;t generate code" />
      <SetPortEventCondition v="don&amp;apos;t generate code" />
      <GetPortEventStatus v="don&amp;apos;t generate code" />
      <SetPortValue v="don&amp;apos;t generate code" />
      <GetPortValue v="generate code" />
      <ClearPortBits v="generate code" />
      <SetPortBits v="generate code" />
      <TogglePortBits v="generate code" />
      <SetPortInputDirection v="don&amp;apos;t generate code" />
      <SetPortOutputDirection v="don&amp;apos;t generate code" />
      <SetFieldValue v="generate code" />
      <GetFieldValue v="generate code" />
      <ClearFieldBits v="generate code" />
      <SetFieldBits v="generate code" />
      <ToggleFieldBits v="generate code" />
      <SetFieldInputDirection v="generate code" />
      <SetFieldOutputDirection v="generate code" />
      <SetOperationMode v="don&amp;apos;t generate code" />
      <GetDriverState v="don&amp;apos;t generate code" />
      <ConnectPin v="don&amp;apos;t generate code" />
    </Methods>
    <Events>
      <Event_module_name v="Events" />
      <event name="OnPortEvent" v="don&amp;apos;t generate code" />
    </Events>
  </Bean>
  <Bean name="I2C2" type="I2C_LDD">
    <Enabled v="Y" />
    <Properties>
      <Component_name v="I2C2" />
      <I2C_channel v="I2C0" />
      <boolgroup name="Interrupt service" v="Enabled">
        <Interrupt v="INT_I2C0" />
        <Interrupt_priority v="medium priority" />
      </boolgroup>
      <group name="Settings">
        <Mode_selection v="MASTER" />
        <boolgroup name="MASTER mode" v="Enabled">
          <group name="Initialization">
            <Address_mode v="7-bit addressing" />
            <Target_slave_address_init v="29" />
          </group>
        </boolgroup>
        <boolgroup name="SLAVE mode" v="Disabled" />
        <group name="Pins">
          <group name="SDA pin">
            <SDA_pin v="PTE25/TPM0_CH1/I2C0_SDA" />
            <SDA_pin_signal v="I2C_SDA" />
          </group>
          <group name="SCL pin">
            <SCL_pin v="PTE24/TPM0_CH0/I2C0_SCL" />
            <SCL_pin_signal v="I2C_SCL" />
          </group>
          <High_drive_select v="Disabled" />
          <Input_Glitch_filter v="0" />
        </group>
        <Internal_frequency__multiplier_factor_ v="20.97152 MHz" />
        <Bits_0_2_of_Frequency_divider_register v="000" />
        <Bits_3_5_of_Frequency_divider_register v="000" />
        <SCL_frequency v="1048.576 kHz" />
        <SDA_Hold v="0.334 us" />
        <SCL_start_Hold v="0.286 us" />
        <SCL_stop_Hold v="0.525 us" />
        <boolgroup name="Control acknowledge bit" v="Disabled" />
        <boolgroup name="Low timeout" v="Disabled" />
      </group>
      <group name="Initialization">
        <Enabled_in_init_code v="yes" />
        <list name="Auto Initialization" v="1">
          <Auto_initialization v="no" />
        </list>
        <group name="Event mask">
          <OnMasterBlockSent v="Enabled" />
          <OnMasterBlockReceived v="Enabled" />
          <OnMasterByteReceived v="Disabled" />
          <OnSlaveBlockSent v="Disabled" />
          <OnSlaveBlockReceived v="Disabled" />
          <OnSlaveByteReceived v="Disabled" />
          <OnSlaveRxRequest v="Disabled" />
          <OnSlaveTxRequest v="Disabled" />
          <OnSlaveGeneralCallAddr v="Disabled" />
          <OnSlaveSmBusCallAddr v="Disabled" />
          <OnSlaveSmBusAlertResponse v="Disabled" />
          <OnError v="Enabled" />
          <OnBusStopDetected v="Disabled" />
        </group>
      </group>
      <list name="CPU clock/configuration selection (included)" v="1">
        <group name="CPU clock/configuration selection">
          <Clock_configuration_0 v="This component enabled" />
          <Clock_configuration_1 v="This component disabled" />
          <Clock_configuration_2 v="This component disabled" />
          <Clock_configuration_3 v="This component disabled" />
          <Clock_configuration_4 v="This component disabled" />
          <Clock_configuration_5 v="This component disabled" />
          <Clock_configuration_6 v="This component disabled" />
          <Clock_configuration_7 v="This component disabled" />
        </group>
      </list>
    </Properties>
    <Methods>
      <Init v="generate code" />
      <Deinit v="generate code" />
      <Enable v="don&amp;apos;t generate code" />
      <Disable v="don&amp;apos;t generate code" />
      <SetEventMask v="don&amp;apos;t generate code" />
      <GetEventMask v="don&amp;apos;t generate code" />
      <MasterSendBlock v="generate code" />
      <MasterGetBlockSentStatus v="don&amp;apos;t generate code" />
      <MasterGetSentDataNum v="don&amp;apos;t generate code" />
      <MasterReceiveBlock v="generate code" />
      <MasterGetBlockReceivedStatus v="don&amp;apos;t generate code" />
      <MasterGetReceivedDataNum v="don&amp;apos;t generate code" />
      <MasterUpdateReceiveBlockSize v="don&amp;apos;t generate code" />
      <SlaveSendBlock v="don&amp;apos;t generate code" />
      <SlaveGetBlockSentStatus v="don&amp;apos;t generate code" />
      <SlaveGetSentDataNum v="don&amp;apos;t generate code" />
      <SlaveCancelTransmissionBlock v="don&amp;apos;t generate code" />
      <SlaveReceiveBlock v="don&amp;apos;t generate code" />
      <SlaveGetBlockReceivedStatus v="don&amp;apos;t generate code" />
      <SlaveGetReceivedDataNum v="don&amp;apos;t generate code" />
      <SlaveUpdateReceiveBlockSize v="don&amp;apos;t generate code" />
      <SlaveCancelReceptionBlock v="don&amp;apos;t generate code" />
      <SelectSlaveDevice v="generate code" />
      <SendAcknowledge v="don&amp;apos;t generate code" />
      <GetError v="generate code" />
      <CheckBus v="don&amp;apos;t generate code" />
      <GetStats v="don&amp;apos;t generate code" />
      <ClearStats v="don&amp;apos;t generate code" />
      <Main v="don&amp;apos;t generate code" />
      <ConnectPin v="don&amp;apos;t generate code" />
      <SetOperationMode v="don&amp;apos;t generate code" />
      <GetDriverState v="don&amp;apos;t generate code" />
    </Methods>
    <Events>
      <Event_module_name v="Events" />
      <event name="OnMasterBlockSent" v="generate code">
        <Event_procedure_name v="I2C2_OnMasterBlockSent" />
      </event>
      <event name="OnMasterBlockReceived" v="generate code">
        <Event_procedure_name v="I2C2_OnMasterBlockReceived" />
      </event>
      <event name="OnMasterByteReceived" v="don&amp;apos;t generate code" />
      <event name="OnSlaveBlockSent" v="don&amp;apos;t generate code" />
      <event name="OnSlaveBlockReceived" v="don&amp;apos;t generate code" />
      <event name="OnSlaveByteReceived" v="don&amp;apos;t generate code" />
      <event name="OnSlaveRxRequest" v="don&amp;apos;t generate code" />
      <event name="OnSlaveTxRequest" v="don&amp;apos;t generate code" />
      <event name="OnSlaveGeneralCallAddr" v="don&amp;apos;t generate code" />
      <event name="OnSlaveSmBusCallAddr" v="don&amp;apos;t generate code" />
      <event name="OnSlaveSmBusAlertResponse" v="don&amp;apos;t generate code" />
      <event name="OnError" v="generate code">
        <Event_procedure_name v="I2C2_OnError" />
      </event>
      <event name="OnBusStopDetected" v="don&amp;apos;t generate code" />
    </Events>
  </Bean>
</PE_PROJECT_SETTINGS_DOCUMENTATION>

