<?xml version="1.0" encoding="UTF-8"?>
<!-- This file stores a copy of all RSE Systems referenced by the project 
so the systems can be automatically recreated when the project is imported in a new workspace. 
This file is automatically generated and updated by the Eclipse IDE.-->
<APSC_Memento>
<host>
<properties>
<property key="hidden.applicator.com.freescale.debugger.applicator.launchconfiguration.lc.New_configuration.proj.Freedom_Accel" value="com.freescale.debugger.applicator.launchconfiguration.lc.New_configuration.proj.Freedom_Accel"/>
<property key="host.address" value=""/>
<property key="host.defaultEncoding" value=""/>
<property key="host.defaultUser" value="Tomxue"/>
<property key="host.description" value="1"/>
<property key="host.name" value="111"/>
<property key="host.promptable" value="false"/>
<property key="host.type" value="com.freescale.cdt.debug.cw.core.ui.rse.systemtype.bareboard.hardware"/>
<property key="propertySet.[OptionalPropertySet].enableConnectorServicesPropertyPage" value="false"/>
<property key="propertySet.[OptionalPropertySet].enableGenericHostPropertyPage" value="false"/>
<property key="propertySet.[cw.dbg.conn].rseSystemId" value="com.freescale.cdt.debug.cw.core.ui.rse.systemtype.bareboard.hardware.system.121025010929+0800"/>
<property key="propertySet.[cw.dbg.ct.targetConnLost].RetryConnectionOn" value="false"/>
<property key="propertySet.[cw.dbg.ct.targetConnLost].RetryTimeout" value="20"/>
<property key="propertySet.[cw.dbg.ct.targetConnLost].RetryWithTimeoutOn" value="false"/>
<property key="propertySet.[cw.dbg.ct.targetConnLost].TerminateConnectionOn" value="false"/>
<property key="propertySet.[cw.dbg.ct.targetConnLost].retryPromptUserActionOn" value="true"/>
<property key="propertySet.[cw.dbg.ct].Connection Type" value="net.sourceforge.usbdm.connections.usbdm.arm"/>
<property key="propertySet.[cw.dbg.main].templateId" value="None"/>
<property key="propertySet.[cw.ide.settingscache].hidden.HostID" value="com.freescale.cdt.debug.cw.core.ui.rse.systemtype.bareboard.hardware.121025010935+0800"/>
<property key="propertySet.[cw.ide.settingscache].hidden.TimeStamp" value="1351098576171"/>
<property key="propertySet.[net.sourceforge.usbdm.connections.usbdm.arm].com.freescale.cdt.debug.cw.CW_SHADOWED_PREF.Embedded Initialization.simulator" value=""/>
<property key="propertySet.[net.sourceforge.usbdm.connections.usbdm.arm].com.freescale.cdt.debug.cw.core.settings.GdiConnection.Common.PhysicalConnectionAttributeBase" value="net.sourceforge.usbdm.connections.usbdm."/>
<property key="propertySet.[net.sourceforge.usbdm.connections.usbdm.arm].com.freescale.cdt.debug.cw.core.settings.GdiConnection.Common.SimulatorConnectionAttributeBase" value=""/>
<property key="propertySet.[net.sourceforge.usbdm.connections.usbdm.arm].net.sourceforge.usbdm.connections.usbdm.CommandLineArgs" value=""/>
<property key="propertySet.[net.sourceforge.usbdm.connections.usbdm.arm].net.sourceforge.usbdm.connections.usbdm.ConfigFile" value=""/>
<property key="propertySet.[net.sourceforge.usbdm.connections.usbdm.arm].net.sourceforge.usbdm.connections.usbdm.Library" value="usbdm-arm-gdi"/>
<property key="propertySet.[net.sourceforge.usbdm.connections.usbdm.arm].net.sourceforge.usbdm.connections.usbdm.automaticReconnect" value="1"/>
<property key="propertySet.[net.sourceforge.usbdm.connections.usbdm.arm].net.sourceforge.usbdm.connections.usbdm.connectionSpeed" value="1500000"/>
<property key="propertySet.[net.sourceforge.usbdm.connections.usbdm.arm].net.sourceforge.usbdm.connections.usbdm.cycleTargetVddOnConnect" value="0"/>
<property key="propertySet.[net.sourceforge.usbdm.connections.usbdm.arm].net.sourceforge.usbdm.connections.usbdm.cycleTargetVddOnReset" value="0"/>
<property key="propertySet.[net.sourceforge.usbdm.connections.usbdm.arm].net.sourceforge.usbdm.connections.usbdm.defaultBdmSerialNumber" value="USBDM-JS16-SWD_SER-0001"/>
<property key="propertySet.[net.sourceforge.usbdm.connections.usbdm.arm].net.sourceforge.usbdm.connections.usbdm.eraseMethod" value="2"/>
<property key="propertySet.[net.sourceforge.usbdm.connections.usbdm.arm].net.sourceforge.usbdm.connections.usbdm.leaveTargetPowered" value="0"/>
<property key="propertySet.[net.sourceforge.usbdm.connections.usbdm.arm].net.sourceforge.usbdm.connections.usbdm.powerOffDuration" value="1000"/>
<property key="propertySet.[net.sourceforge.usbdm.connections.usbdm.arm].net.sourceforge.usbdm.connections.usbdm.powerOnRecoveryInterval" value="1000"/>
<property key="propertySet.[net.sourceforge.usbdm.connections.usbdm.arm].net.sourceforge.usbdm.connections.usbdm.resetDuration" value="500"/>
<property key="propertySet.[net.sourceforge.usbdm.connections.usbdm.arm].net.sourceforge.usbdm.connections.usbdm.resetRecoveryInterval" value="500"/>
<property key="propertySet.[net.sourceforge.usbdm.connections.usbdm.arm].net.sourceforge.usbdm.connections.usbdm.resetReleaseInterval" value="500"/>
<property key="propertySet.[net.sourceforge.usbdm.connections.usbdm.arm].net.sourceforge.usbdm.connections.usbdm.setTargetVdd" value="0"/>
<property key="propertySet.[net.sourceforge.usbdm.connections.usbdm.arm].net.sourceforge.usbdm.connections.usbdm.useDebugBuild" value="0"/>
</properties>
</host>
<host>
<properties>
<property key="host.address" value=""/>
<property key="host.defaultEncoding" value=""/>
<property key="host.defaultUser" value="Tomxue"/>
<property key="host.description" value="111"/>
<property key="host.name" value="11111"/>
<property key="host.promptable" value="false"/>
<property key="host.type" value="com.freescale.cdt.debug.cw.core.ui.rse.systemtype.bareboard.hardware.system"/>
<property key="propertySet.[OptionalPropertySet].enableConnectorServicesPropertyPage" value="false"/>
<property key="propertySet.[OptionalPropertySet].enableGenericHostPropertyPage" value="false"/>
<property key="propertySet.[cw.dbg.ct.bareboard].executeReset" value="true"/>
<property key="propertySet.[cw.dbg.ct.bareboard].initPath" value=""/>
<property key="propertySet.[cw.dbg.ct.bareboard].memConfigPath" value=""/>
<property key="propertySet.[cw.dbg.ct.bareboard].runOutOfReset" value="false"/>
<property key="propertySet.[cw.dbg.ct.bareboard].useInitFile" value="false"/>
<property key="propertySet.[cw.dbg.ct.bareboard].useMemoryConfigFile" value="false"/>
<property key="propertySet.[cw.dbg.main].systemType" value="com.freescale.cw.system.kinetis.KL25Z.KL25Z128M4"/>
<property key="propertySet.[cw.dbg.main].templateId" value="None"/>
<property key="propertySet.[cw.ide.settingscache].hidden.HostID" value="com.freescale.cdt.debug.cw.core.ui.rse.systemtype.bareboard.hardware.system.121025010929+0800"/>
<property key="propertySet.[cw.ide.settingscache].hidden.TimeStamp" value="1351098576171"/>
</properties>
</host>
<host>
<properties>
<property key="hidden.applicator.com.freescale.debugger.applicator.launchconfiguration.lc.Freedom_Accel_FLASH_OpenSDA.proj.Freedom_Accel" value="com.freescale.debugger.applicator.launchconfiguration.lc.Freedom_Accel_FLASH_OpenSDA.proj.Freedom_Accel"/>
<property key="host.address" value=""/>
<property key="host.defaultEncoding" value=""/>
<property key="host.defaultUser" value="Erich Styger"/>
<property key="host.description" value=""/>
<property key="host.name" value="Freedom_Accel_FLASH_OpenSDA"/>
<property key="host.promptable" value="false"/>
<property key="host.type" value="com.freescale.cdt.debug.cw.core.ui.rse.systemtype.bareboard.hardware"/>
<property key="propertySet.[OptionalPropertySet].enableConnectorServicesPropertyPage" value="false"/>
<property key="propertySet.[OptionalPropertySet].enableGenericHostPropertyPage" value="false"/>
<property key="propertySet.[com.pemicro.mcu.debug.connections.pne.arm].com.freescale.cdt.debug.cw.CW_SHADOWED_PREF.Embedded Initialization.simulator" value=""/>
<property key="propertySet.[com.pemicro.mcu.debug.connections.pne.arm].com.freescale.cdt.debug.cw.core.settings.GdiConnection.Common.PhysicalConnectionAttributeBase" value="com.pemicro.mcu.debug.connections.pne.arm."/>
<property key="propertySet.[com.pemicro.mcu.debug.connections.pne.arm].com.pemicro.mcu.debug.connections.pne.arm.Library" value="arm_pne_gdi"/>
<property key="propertySet.[com.pemicro.mcu.debug.connections.pne.arm].com.pemicro.mcu.debug.connections.pne.arm.RESET_DELAY" value="0"/>
<property key="propertySet.[com.pemicro.mcu.debug.connections.pne.arm].com.pemicro.mcu.debug.connections.pne.arm.STARTUP_PCI_DELAY" value="3"/>
<property key="propertySet.[com.pemicro.mcu.debug.connections.pne.arm].com.pemicro.mcu.debug.connections.pne.arm.STARTUP_PORT" value="181"/>
<property key="propertySet.[com.pemicro.mcu.debug.connections.pne.arm].com.pemicro.mcu.debug.connections.pne.arm.STARTUP_USE_SWD" value="1"/>
<property key="propertySet.[com.pemicro.mcu.debug.connections.pne.arm].com.pemicro.mcu.debug.connections.pne.arm.STARTUP_interface_selection" value="7"/>
<property key="propertySet.[cw.dbg.conn].rseSystemId" value="com.freescale.cdt.debug.cw.core.ui.rse.systemtype.bareboard.hardware.system.120823070812+0200"/>
<property key="propertySet.[cw.dbg.ct.bareboard.gdi].logData" value="false"/>
<property key="propertySet.[cw.dbg.ct.targetConnLost].RetryConnectionOn" value="false"/>
<property key="propertySet.[cw.dbg.ct.targetConnLost].RetryTimeout" value="20"/>
<property key="propertySet.[cw.dbg.ct.targetConnLost].RetryWithTimeoutOn" value="false"/>
<property key="propertySet.[cw.dbg.ct.targetConnLost].TerminateConnectionOn" value="false"/>
<property key="propertySet.[cw.dbg.ct.targetConnLost].retryPromptUserActionOn" value="true"/>
<property key="propertySet.[cw.dbg.ct].Connection Type" value="com.pemicro.mcu.debug.connections.pne.arm"/>
<property key="propertySet.[cw.ide.settingscache].hidden.HostID" value="com.freescale.cdt.debug.cw.core.ui.rse.systemtype.bareboard.hardware.120823070812+0200"/>
<property key="propertySet.[cw.ide.settingscache].hidden.TimeStamp" value="1345698514797"/>
</properties>
</host>
<host>
<properties>
<property key="host.address" value=""/>
<property key="host.defaultEncoding" value=""/>
<property key="host.defaultUser" value="Erich Styger"/>
<property key="host.description" value=""/>
<property key="host.name" value="Freedom_Accel_FLASH_OpenSDA Target"/>
<property key="host.promptable" value="false"/>
<property key="host.type" value="com.freescale.cdt.debug.cw.core.ui.rse.systemtype.bareboard.hardware.system"/>
<property key="propertySet.[OptionalPropertySet].enableConnectorServicesPropertyPage" value="false"/>
<property key="propertySet.[OptionalPropertySet].enableGenericHostPropertyPage" value="false"/>
<property key="propertySet.[cw.dbg.ct.bareboard].enableHSSTIOModelConfig" value="false"/>
<property key="propertySet.[cw.dbg.ct.bareboard].enableNetworkIOModelConfig" value="false"/>
<property key="propertySet.[cw.dbg.ct.bareboard].enableSerialIOModelConfig" value="false"/>
<property key="propertySet.[cw.dbg.ct.bareboard].enableStopTransferIOModelConfig" value="true"/>
<property key="propertySet.[cw.dbg.ct.bareboard].ethernetController" value="UEC1"/>
<property key="propertySet.[cw.dbg.ct.bareboard].executeReset" value="true"/>
<property key="propertySet.[cw.dbg.ct.bareboard].initPath" value="${ProjDirPath}/Project_Settings/Debugger/init_kinetis.tcl"/>
<property key="propertySet.[cw.dbg.ct.bareboard].memConfigPath" value="${ProjDirPath}/Project_Settings/Debugger/MKL25Z128.mem"/>
<property key="propertySet.[cw.dbg.ct.bareboard].networkDebuggerAddress" value="127.0.0.1"/>
<property key="propertySet.[cw.dbg.ct.bareboard].networkGateway" value="127.0.0.1"/>
<property key="propertySet.[cw.dbg.ct.bareboard].networkMACAddress" value="**-**-**-**-**-**"/>
<property key="propertySet.[cw.dbg.ct.bareboard].networkNetMask" value="255.255.255.255"/>
<property key="propertySet.[cw.dbg.ct.bareboard].networkTargetAddress" value="127.0.0.1"/>
<property key="propertySet.[cw.dbg.ct.bareboard].networkUDPPort" value="1234"/>
<property key="propertySet.[cw.dbg.ct.bareboard].noIOModelConfig" value="false"/>
<property key="propertySet.[cw.dbg.ct.bareboard].runOutOfReset" value="false"/>
<property key="propertySet.[cw.dbg.ct.bareboard].targetIsPalladium" value="false"/>
<property key="propertySet.[cw.dbg.ct.bareboard].useInitFile" value="true"/>
<property key="propertySet.[cw.dbg.ct.bareboard].useMemoryConfigFile" value="true"/>
<property key="propertySet.[cw.dbg.ct.bareboard].useNetworkGateway" value="false"/>
<property key="propertySet.[cw.dbg.ct.bareboard].useNetworkMACAddress" value="false"/>
<property key="propertySet.[cw.dbg.ct.bareboard].useNetworkUDPPort" value="false"/>
<property key="propertySet.[cw.dbg.main].systemType" value="com.freescale.cw.system.kinetis.KL25Z.KL25Z128M4"/>
<property key="propertySet.[cw.ide.settingscache].hidden.HostID" value="com.freescale.cdt.debug.cw.core.ui.rse.systemtype.bareboard.hardware.system.120823070812+0200"/>
<property key="propertySet.[cw.ide.settingscache].hidden.TimeStamp" value="1345698514796"/>
</properties>
</host>
</APSC_Memento>