<?xml version="1.0" encoding="UTF-8"?>
<PE_PROJECT_SETTINGS_DOCUMENTATION>
  <PE_product_version v="version 10.0 for Freescale Microcontrollers" />
  <PE_core_version v="Processor Expert Version 0503" />
  <CPU_Bean name="Cpu" type="MKL25Z128LK4">
    <Enabled v="Y" />
    <Properties>
      <Component_name v="Cpu" />
      <CPU_type v="MKL25Z128VLK4" />
      <list name="Shared Internal properties" v="1">
        <EmptySection_DummyValue />
      </list>
      <list name="Shared Clock settings" v="1">
        <group name="Clock settings">
          <group name="Internal oscillator">
            <Slow_internal_reference_clock__kHz_ v="32.768000000000" />
            <boolgroup name="Initialize slow trim value" v="no" />
            <Fast_internal_reference_clock__MHz_ v="4" />
            <boolgroup name="Initialize fast trim value" v="no" />
          </group>
          <boolgroup name="RTC clock input" v="Disabled" />
          <boolgroup name="System oscillator 0" v="Enabled">
            <enumgroup name="Clock source" v="External crystal">
              <group name="Clock input pin">
                <Pin_name v="EXTAL0/PTA18/UART1_RX/TPM_CLKIN0" />
                <Pin_signal v="" />
              </group>
              <group name="Clock output pin">
                <Pin_name v="XTAL0/PTA19/UART1_TX/TPM_CLKIN1/LPTMR0_ALT1" />
                <Pin_signal v="" />
              </group>
              <Clock_frequency__MHz_ v="8" />
              <Capacitor_load v="0pF" />
              <Oscillator_operating_mode v="Low power" />
            </enumgroup>
          </boolgroup>
          <list name="Clock source settings" v="1">
            <group name="Clock source setting 0">
              <group name="Internal reference clock">
                <MCGIRCLK_clock v="Enabled" />
                <MCGIRCLK_in_stop v="Disabled" />
                <enumgroup name="MCGIRCLK source" v="Slow">
                  <EmptySection_DummyValue />
                </enumgroup>
                <MCGIRCLK_clock__MHz_ v="0.032768000000" />
              </group>
              <group name="External reference clock">
                <OSC0ERCLK_clock v="Enabled" />
                <OSC0ERCLK_in_stop v="Disabled" />
                <OSC0ERCLK_clock__MHz_ v="8" />
                <ERCLK32K_clock_source v="System oscillator 0" />
                <ERCLK32K__clock__MHz_ v="8" />
              </group>
              <group name="MCG settings">
                <enumgroup name="MCG mode" v="PEE">
                  <EmptySection_DummyValue />
                </enumgroup>
                <MCG_output_clock v="PLL clock" />
                <MCG_output__MHz_ v="96" />
                <MCG_external_ref__clock__MHz_ v="8" />
                <Clock_monitor v="Disabled" />
                <group name="FLL settings">
                  <FLL_module v="Disabled" />
                  <FLL_output__MHz_ v="0" />
                  <MCGFFCLK_clock__kHz_ v="15.625000000000" />
                  <enumgroup name="Reference clock source" v="External clock">
                    <Reference_clock_divider v="Auto select" />
                  </enumgroup>
                  <FLL_reference_clock__kHz_ v="31.250000000000" />
                  <Multiplication_factor v="Auto select" />
                </group>
                <group name="PLL 0 settings">
                  <PLL_module v="Enabled" />
                  <PLL_module_in_Stop v="Disabled" />
                  <PLL_output__MHz_ v="96" />
                  <Reference_clock_divider v="Auto select" />
                  <PLL_reference_clock__MHz_ v="4" />
                  <Multiplication_factor v="Auto select" />
                  <Loss_of_lock_interrupt v="Disabled" />
                </group>
              </group>
            </group>
          </list>
        </group>
      </list>
      <Initialization_priority v="interrupts enabled" />
      <Watchdog_disable v="yes" />
      <group name="Internal peripherals">
        <list name="Shared NMI settings" v="1">
          <boolgroup name="NMI pin" v="Enabled">
            <NMI_Pin v="TSI0_CH5/PTA4/I2C1_SDA/TPM0_CH1/NMI_b" />
            <NMI_Pin_signal v="" />
          </boolgroup>
        </list>
        <list name="Shared Reset settings" v="1">
          <boolgroup name="Reset control" v="Enabled">
            <Reset_pin v="PTA20/RESET_b" />
            <Reset_pin_signal v="" />
            <Filter_in_STOP v="Disabled" />
            <Filter_in_RUN_WAIT v="Disabled" />
            <Filter_width v="1" />
          </boolgroup>
        </list>
        <list name="Shared Flash memory organization" v="1">
          <group name="Flash memory organization">
            <list name="Shared FLASH settings" v="1">
              <EmptySection_DummyValue />
            </list>
            <list name="Flash blocks" v="1">
              <group name="Flash block 0">
                <Address v="0" />
                <Size v="131072" />
                <Write_unit_size v="4" />
                <Erase_unit_size v="1024" />
                <Protection_unit_size v="4096" />
              </group>
            </list>
          </group>
        </list>
        <list name="Shared Flash Config settings" v="1">
          <boolgroup name="Flash configuration field" v="Enabled">
            <group name="Security settings">
              <Flash_security v="Disabled" />
              <Freescale_failure_analysis_access v="Enabled" />
              <Mass_erase v="Enabled" />
              <Backdoor_key_security v="Disabled" />
              <Backdoor_key_0 v="255" />
              <Backdoor_key_1 v="255" />
              <Backdoor_key_2 v="255" />
              <Backdoor_key_3 v="255" />
              <Backdoor_key_4 v="255" />
              <Backdoor_key_5 v="255" />
              <Backdoor_key_6 v="255" />
              <Backdoor_key_7 v="255" />
            </group>
            <group name="Protection regions">
              <group name="P-Flash protection settings">
                <Protection_region_size v="4096" />
                <P_Flash_protection v="4294967295" />
                <group name="Protection regions">
                  <Protection_region_0 v="Unprotected" />
                  <Protection_region_1 v="Unprotected" />
                  <Protection_region_2 v="Unprotected" />
                  <Protection_region_3 v="Unprotected" />
                  <Protection_region_4 v="Unprotected" />
                  <Protection_region_5 v="Unprotected" />
                  <Protection_region_6 v="Unprotected" />
                  <Protection_region_7 v="Unprotected" />
                  <Protection_region_8 v="Unprotected" />
                  <Protection_region_9 v="Unprotected" />
                  <Protection_region_10 v="Unprotected" />
                  <Protection_region_11 v="Unprotected" />
                  <Protection_region_12 v="Unprotected" />
                  <Protection_region_13 v="Unprotected" />
                  <Protection_region_14 v="Unprotected" />
                  <Protection_region_15 v="Unprotected" />
                  <Protection_region_16 v="Unprotected" />
                  <Protection_region_17 v="Unprotected" />
                  <Protection_region_18 v="Unprotected" />
                  <Protection_region_19 v="Unprotected" />
                  <Protection_region_20 v="Unprotected" />
                  <Protection_region_21 v="Unprotected" />
                  <Protection_region_22 v="Unprotected" />
                  <Protection_region_23 v="Unprotected" />
                  <Protection_region_24 v="Unprotected" />
                  <Protection_region_25 v="Unprotected" />
                  <Protection_region_26 v="Unprotected" />
                  <Protection_region_27 v="Unprotected" />
                  <Protection_region_28 v="Unprotected" />
                  <Protection_region_29 v="Unprotected" />
                  <Protection_region_30 v="Unprotected" />
                  <Protection_region_31 v="Unprotected" />
                </group>
              </group>
            </group>
            <group name="Peripheral settings">
              <Reset_pin_function v="Enabled" />
              <MNI_function v="Enabled" />
              <FLASH_initialization_speed v="Fast" />
              <EzPort_operation_at_boot v="Enabled" />
              <Clock_dividers_settings v="Fast clock boot" />
            </group>
          </boolgroup>
        </list>
        <list name="Shared Peripheral Bridge MCM settings" v="1">
          <boolgroup name="MCM settings" v="Disabled" />
        </list>
        <list name="Shared Power Management Controller settings" v="1">
          <group name="Power management controller">
            <LVD_reset v="Enabled" />
            <LVD_voltage_treshold v="Low" />
            <LVW_voltage_treshold v="Low" />
            <Bandgap_buffer v="Disabled" />
            <Bandgap_buffer_in_VLPx v="Disabled" />
            <group name="LVD interrupt">
              <Interrupt v="INT_LVD_LVW" />
              <Interrupt_request v="Disabled" />
              <Interrupt_priority v="0 (Highest)" />
              <LVD_interrupt v="Disabled" />
              <LVW_interrupt v="Disabled" />
            </group>
          </group>
        </list>
        <list name="Shared ClockGate settings" v="1">
          <group name="System Integration Module">
            <boolgroup name="CLKOUT pin control" v="Disabled" />
            <boolgroup name="Clock gating control" v="Disabled" />
          </group>
        </list>
      </group>
      <list name="Shared CPU interrupts/resets" v="1">
        <group name="CPU interrupts/resets">
          <boolgroup name="NMI interrrupt" v="Enabled">
            <Interrupt v="INT_NMI" />
          </boolgroup>
          <boolgroup name="Hard Fault" v="Disabled" />
          <boolgroup name="Bus Fault" v="Disabled" />
          <boolgroup name="Usage Fault" v="Disabled" />
          <boolgroup name="Supervisor Call" v="Disabled" />
          <boolgroup name="Pendable Service" v="Disabled" />
          <boolgroup name="MCG Loss of lock" v="Disabled" />
        </group>
      </list>
      <group name="Low power mode settings">
        <list name="Shared Low Power Settings" v="1">
          <group name="Allowed low power modes">
            <Very_low_power_modes v="Not allowed" />
            <Low_leakage_stop_mode v="Not allowed" />
            <Very_low_leakage_stop_mode v="Not allowed" />
          </group>
        </list>
        <list name="Shared LLWU settings" v="1">
          <boolgroup name="LLWU settings" v="Disabled" />
        </list>
        <list name="Shared Low Power Settings" v="1">
          <group name="Operation mode settings">
            <group name="WAIT operation mode">
              <Return_to_wait_after_ISR v="no" />
            </group>
            <group name="SLEEP operation mode">
              <Low_Power_mode v="STOP" />
              <Return_to_stop_after_ISR v="no" />
            </group>
            <boolgroup name="STOP operation mode" v="Disabled" />
          </group>
        </list>
      </group>
      <list name="Clock configurations" v="1">
        <group name="Clock configuration 0">
          <boolgroup name="Very low power mode" v="Disabled" />
          <enumgroup name="Clock source setting" v="configuration 0">
            <MCG_mode v="PEE" />
            <MCG_output__MHz_ v="96" />
            <MCGIRCLK_clock__MHz_ v="0.032768" />
            <OSCERCLK_clock__MHz_ v="8" />
            <ERCLK32K__clock__MHz_ v="8" />
            <MCGFFCLK__kHz_ v="15.625" />
          </enumgroup>
          <group name="System clocks">
            <Core_clock_prescaler v="Auto select" />
            <Core_clock v="48" />
            <Bus_clock_prescaler v="Auto select" />
            <Bus_clock v="24" />
            <enumgroup name="PLL/FLL clock selection" v="Auto select">
              <Clock_frequency__MHz_ v="48" />
            </enumgroup>
            <enumgroup name="TPM clock selection" v="Auto select">
              <Clock_frequency__MHz_ v="48" />
            </enumgroup>
          </group>
        </group>
      </list>
    </Properties>
    <Methods>
      <list name="CPUCond" v="1">
        <SetClockConfiguration v="don&amp;apos;t generate code" />
        <GetClockConfiguration v="don&amp;apos;t generate code" />
        <SetOperationMode v="don&amp;apos;t generate code" />
        <EnableInt v="don&amp;apos;t generate code" />
        <DisableInt v="don&amp;apos;t generate code" />
        <GetLLSWakeUpFlags v="don&amp;apos;t generate code" />
        <MCGAutoTrim v="don&amp;apos;t generate code" />
        <VLPModeEnable v="don&amp;apos;t generate code" />
        <VLPModeDisable v="don&amp;apos;t generate code" />
      </list>
    </Methods>
    <Events>
      <Event_module_name v="Events" />
      <list name="EvntsShrdGrp" v="1">
        <event name="OnReset" v="don&amp;apos;t generate code" />
        <event name="OnNMIINT" v="generate code">
          <Event_procedure_name v="Cpu_OnNMIINT" />
        </event>
        <event name="OnHardFault" v="don&amp;apos;t generate code" />
        <event name="OnBusFault" v="don&amp;apos;t generate code" />
        <event name="OnUsageFault" v="don&amp;apos;t generate code" />
        <event name="OnSupervisorCall" v="don&amp;apos;t generate code" />
        <event name="OnPendableService" v="don&amp;apos;t generate code" />
        <event name="OnLossOfLockINT" v="don&amp;apos;t generate code" />
        <event name="OnLowVoltageINT" v="don&amp;apos;t generate code" />
        <event name="OnLLSWakeUpINT" v="don&amp;apos;t generate code" />
      </list>
    </Events>
    <Compiler v="GNU C Compiler" />
    <CompilerProperties>
      <Compiler v="GNU C Compiler" />
      <enumgroup name="Unhandled vectors" v="One handler for all">
        <Unhandled_int_code>
          <StrgList><![CDATA[/* This code can be changed using the CPU component property "Build Options / Unhandled int code" */
PE_DEBUGHALT();
]]></StrgList>
        </Unhandled_int_code>
      </enumgroup>
      <group name="User initialization">
        <User_data_declarations>
          <StrgList></StrgList>
        </User_data_declarations>
        <User_code_before_PE_initialization>
          <StrgList></StrgList>
        </User_code_before_PE_initialization>
        <User_code_after_PE_initialization>
          <StrgList></StrgList>
        </User_code_after_PE_initialization>
      </group>
      <boolgroup name="Generate debugger files" v="yes">
        <Generate_mem_file v="yes" />
      </boolgroup>
      <group name="Startup">
        <Add_startup_file v="no" />
      </group>
      <boolgroup name="Generate linker file" v="yes">
        <Stack_size v="1024" />
        <Heap_size v="0" />
        <Set_memory_segments_to_default v="Click to set default &amp;gt;" />
        <Default_memory_for_interrupts v="INTERNAL FLASH" />
        <Default_memory_for_code v="INTERNAL FLASH" />
        <Default_memory_for_data v="INTERNAL RAM" />
        <list name="ROM/RAM Areas" v="5">
          <group name="MemoryArea0">
            <boolgroup name="ROM/RAM Area" v="Enabled">
              <Name v="m_interrupts" />
              <Qualifier v="RX" />
              <Address v="0" />
              <Size v="192" />
            </boolgroup>
          </group>
          <group name="MemoryArea1">
            <boolgroup name="ROM/RAM Area" v="Disabled" />
          </group>
          <group name="MemoryArea2">
            <boolgroup name="ROM/RAM Area" v="Enabled">
              <Name v="m_text" />
              <Qualifier v="RX" />
              <Address v="1040" />
              <Size v="130032" />
            </boolgroup>
          </group>
          <group name="MemoryArea3">
            <boolgroup name="ROM/RAM Area" v="Enabled">
              <Name v="m_data_1FFFF000" />
              <Qualifier v="RW" />
              <Address v="536866816" />
              <Size v="4096" />
            </boolgroup>
          </group>
          <group name="MemoryArea4">
            <boolgroup name="ROM/RAM Area" v="Enabled">
              <Name v="m_data" />
              <Qualifier v="RW" />
              <Address v="536870912" />
              <Size v="12288" />
            </boolgroup>
          </group>
        </list>
      </boolgroup>
    </CompilerProperties>
  </CPU_Bean>
  <Bean name="LED1" type="LED">
    <Enabled v="Y" />
    <Properties>
      <Component_name v="LED1" />
      <LED_on_with_initialization v="no" />
      <group name="HW Interface">
        <boolgroup name="LDD" v="Enabled">
          <Field_name v="LED_PTE20" />
          <GPIO_LDD v="GPIO1" />
          <Enabled_in_initialization_code v="no" />
        </boolgroup>
        <boolgroup name="BitIO" v="Disabled" />
        <Anode_on_port_side v="no" />
      </group>
    </Properties>
    <Methods>
      <On v="generate code" />
      <Off v="generate code" />
      <Neg v="generate code" />
      <Get v="generate code" />
      <Put v="generate code" />
      <Init v="generate code" />
      <Deinit v="generate code" />
    </Methods>
    <Events>
      <EmptySection_DummyValue />
    </Events>
  </Bean>
  <Bean name="LED2" type="LED">
    <Enabled v="Y" />
    <Properties>
      <Component_name v="LED2" />
      <LED_on_with_initialization v="no" />
      <group name="HW Interface">
        <boolgroup name="LDD" v="Enabled">
          <Field_name v="LED_PTE21" />
          <GPIO_LDD v="GPIO1" />
          <Enabled_in_initialization_code v="no" />
        </boolgroup>
        <boolgroup name="BitIO" v="Disabled" />
        <Anode_on_port_side v="no" />
      </group>
    </Properties>
    <Methods>
      <On v="generate code" />
      <Off v="generate code" />
      <Neg v="generate code" />
      <Get v="generate code" />
      <Put v="generate code" />
      <Init v="generate code" />
      <Deinit v="generate code" />
    </Methods>
    <Events>
      <EmptySection_DummyValue />
    </Events>
  </Bean>
  <Bean name="LED3" type="LED">
    <Enabled v="Y" />
    <Properties>
      <Component_name v="LED3" />
      <LED_on_with_initialization v="no" />
      <group name="HW Interface">
        <boolgroup name="LDD" v="Enabled">
          <Field_name v="LED_PTE22" />
          <GPIO_LDD v="GPIO1" />
          <Enabled_in_initialization_code v="no" />
        </boolgroup>
        <boolgroup name="BitIO" v="Disabled" />
        <Anode_on_port_side v="no" />
      </group>
    </Properties>
    <Methods>
      <On v="generate code" />
      <Off v="generate code" />
      <Neg v="generate code" />
      <Get v="generate code" />
      <Put v="generate code" />
      <Init v="generate code" />
      <Deinit v="generate code" />
    </Methods>
    <Events>
      <EmptySection_DummyValue />
    </Events>
  </Bean>
  <Bean name="LED4" type="LED">
    <Enabled v="Y" />
    <Properties>
      <Component_name v="LED4" />
      <LED_on_with_initialization v="no" />
      <group name="HW Interface">
        <boolgroup name="LDD" v="Enabled">
          <Field_name v="LED_PTE23" />
          <GPIO_LDD v="GPIO1" />
          <Enabled_in_initialization_code v="no" />
        </boolgroup>
        <boolgroup name="BitIO" v="Disabled" />
        <Anode_on_port_side v="no" />
      </group>
    </Properties>
    <Methods>
      <On v="generate code" />
      <Off v="generate code" />
      <Neg v="generate code" />
      <Get v="generate code" />
      <Put v="generate code" />
      <Init v="generate code" />
      <Deinit v="generate code" />
    </Methods>
    <Events>
      <EmptySection_DummyValue />
    </Events>
  </Bean>
  <Bean name="WAIT1" type="Wait">
    <Enabled v="Y" />
    <Properties>
      <Component_name v="WAIT1" />
      <boolgroup name="Manual Clock Values" v="Enabled">
        <CPU_BUS_CLK_HZ v="24000000" />
        <CPU_BUS_CLK_HZ_HIGH v="24000000" />
        <CPU_BUS_CLK_HZ_LOW v="24000000" />
        <CPU_BUS_CLK_HZ_SLOW v="24000000" />
      </boolgroup>
      <Delay100usFunction v="Delay100US" />
      <boolgroup name="RTOS" v="Disabled" />
      <boolgroup name="Watchdog" v="Disabled" />
    </Properties>
    <Methods>
      <Wait10Cycles v="generate code" />
      <Wait100Cycles v="generate code" />
      <WaitCycles v="generate code" />
      <Waitms v="generate code" />
      <Waitus v="generate code" />
      <Waitns v="generate code" />
      <WaitOSms v="generate code" />
    </Methods>
    <Events>
      <EmptySection_DummyValue />
    </Events>
  </Bean>
  <Bean name="GPIO1" type="GPIO_LDD">
    <Enabled v="Y" />
    <Template v="GPIO_LDD" />
    <Properties>
      <Component_name v="GPIO1" />
      <Port v="PTE" />
      <Port_width v="32 bits" />
      <Mask_of_allocated_pins v="15728640" />
      <boolgroup name="Interrupt service/event" v="Disabled" />
      <list name="Bit fields" v="4">
        <group name="Bit field">
          <Field_name v="LED_PTE20" />
          <list name="Pins" v="1">
            <group name="Pin">
              <Pin v="ADC0_DP0/ADC0_SE0/PTE20/TPM1_CH0/UART0_TX" />
              <Pin_signal v="" />
              <boolgroup name="Initial pin direction" v="Output">
                <Initial_output_state v="0" />
              </boolgroup>
              <Initial_pin_event v="Disabled" />
            </group>
          </list>
        </group>
        <group name="Bit field">
          <Field_name v="LED_PTE21" />
          <list name="Pins" v="1">
            <group name="Pin">
              <Pin v="ADC0_DM0/ADC0_SE4a/PTE21/TPM1_CH1/UART0_RX" />
              <Pin_signal v="" />
              <boolgroup name="Initial pin direction" v="Output">
                <Initial_output_state v="0" />
              </boolgroup>
              <Initial_pin_event v="Disabled" />
            </group>
          </list>
        </group>
        <group name="Bit field">
          <Field_name v="LED_PTE22" />
          <list name="Pins" v="1">
            <group name="Pin">
              <Pin v="ADC0_DP3/ADC0_SE3/PTE22/TPM2_CH0/UART2_TX" />
              <Pin_signal v="" />
              <boolgroup name="Initial pin direction" v="Output">
                <Initial_output_state v="0" />
              </boolgroup>
              <Initial_pin_event v="Disabled" />
            </group>
          </list>
        </group>
        <group name="Bit field">
          <Field_name v="LED_PTE23" />
          <list name="Pins" v="1">
            <group name="Pin">
              <Pin v="ADC0_DM3/ADC0_SE7a/PTE23/TPM2_CH1/UART2_RX" />
              <Pin_signal v="" />
              <boolgroup name="Initial pin direction" v="Output">
                <Initial_output_state v="0" />
              </boolgroup>
              <Initial_pin_event v="Disabled" />
            </group>
          </list>
        </group>
      </list>
      <group name="Initialization">
        <list name="Auto Initialization" v="1">
          <Auto_initialization v="yes" />
        </list>
        <group name="Event mask">
          <OnPortEvent v="Disabled" />
        </group>
      </group>
    </Properties>
    <Methods>
      <Init v="generate code" />
      <Deinit v="generate code" />
      <SetEventMask v="don&amp;apos;t generate code" />
      <GetEventMask v="don&amp;apos;t generate code" />
      <SetPortEventCondition v="don&amp;apos;t generate code" />
      <GetPortEventStatus v="don&amp;apos;t generate code" />
      <SetPortValue v="don&amp;apos;t generate code" />
      <GetPortValue v="generate code" />
      <ClearPortBits v="generate code" />
      <SetPortBits v="generate code" />
      <TogglePortBits v="generate code" />
      <SetPortInputDirection v="don&amp;apos;t generate code" />
      <SetPortOutputDirection v="don&amp;apos;t generate code" />
      <SetFieldValue v="generate code" />
      <GetFieldValue v="generate code" />
      <ClearFieldBits v="generate code" />
      <SetFieldBits v="generate code" />
      <ToggleFieldBits v="generate code" />
      <SetFieldInputDirection v="generate code" />
      <SetFieldOutputDirection v="generate code" />
      <SetOperationMode v="don&amp;apos;t generate code" />
      <GetDriverState v="don&amp;apos;t generate code" />
      <ConnectPin v="don&amp;apos;t generate code" />
    </Methods>
    <Events>
      <Event_module_name v="Events" />
      <event name="OnPortEvent" v="don&amp;apos;t generate code" />
    </Events>
  </Bean>
  <Bean name="AS1" type="AsynchroSerial">
    <Enabled v="Y" />
    <Properties>
      <Component_name v="AS1" />
      <Channel v="UART0" />
      <inhrbean type="Serial_LDD">
        <Enabled v="Y" />
        <Properties>
          <Component_name v="ASerialLdd1" />
          <Device v="UART0" />
          <boolgroup name="Interrupt service/event" v="Enabled">
            <Interrupt_RxD v="INT_UART0" />
            <Interrupt_RxD_priority v="medium priority" />
            <Interrupt_TxD v="INT_UART0" />
            <Interrupt_TxD_priority v="medium priority" />
            <Interrupt_Error v="INT_UART0" />
            <Interrupt_Error_priority v="medium priority" />
          </boolgroup>
          <group name="Settings">
            <Data_width v="8 bits" />
            <Parity v="None" />
            <Stop_bits v="1" />
            <Loop_mode v="Normal" />
            <Baud_rate v="9600 baud" />
            <Wakeup_condition v="Idle line wakeup" />
            <Stop_in_wait_mode v="no" />
            <Idle_line_mode v="Starts after start bit" />
            <Transmitter_output v="Not inverted" />
            <Receiver_input v="Not inverted" />
            <Break_generation_length v="10/11 bits" />
            <boolgroup name="Receiver" v="Enabled">
              <RxD v="TSI0_CH2/PTA1/UART0_RX/TPM2_CH0" />
              <RxD_pin_signal v="" />
            </boolgroup>
            <boolgroup name="Transmitter" v="Enabled">
              <TxD v="TSI0_CH3/PTA2/UART0_TX/TPM2_CH1" />
              <TxD_pin_signal v="" />
            </boolgroup>
            <enumgroup name="Flow control" v="None">
              <EmptySection_DummyValue />
            </enumgroup>
          </group>
          <group name="Initialization">
            <Enabled_in_init__code v="yes" />
            <list name="Auto Initialization" v="1">
              <Auto_initialization v="no" />
            </list>
            <group name="Event mask">
              <OnBlockSent v="Enabled" />
              <OnBlockReceived v="Enabled" />
              <OnTxComplete v="Disabled" />
              <OnError v="Enabled" />
              <OnBreak v="Enabled" />
            </group>
          </group>
          <list name="CPU clock/configuration selection (included)" v="1">
            <group name="CPU clock/configuration selection">
              <Clock_configuration_0 v="This component enabled" />
              <Clock_configuration_1 v="This component disabled" />
              <Clock_configuration_2 v="This component disabled" />
              <Clock_configuration_3 v="This component enabled" />
              <Clock_configuration_4 v="This component enabled" />
              <Clock_configuration_5 v="This component enabled" />
              <Clock_configuration_6 v="This component enabled" />
              <Clock_configuration_7 v="This component enabled" />
            </group>
          </list>
        </Properties>
        <Methods>
          <Init v="generate code" />
          <Deinit v="don&amp;apos;t generate code" />
          <Enable v="don&amp;apos;t generate code" />
          <Disable v="don&amp;apos;t generate code" />
          <SendBlock v="generate code" />
          <ReceiveBlock v="generate code" />
          <CancelBlockTransmission v="don&amp;apos;t generate code" />
          <CancelBlockReception v="don&amp;apos;t generate code" />
          <GetError v="generate code" />
          <GetSentDataNum v="don&amp;apos;t generate code" />
          <GetReceivedDataNum v="don&amp;apos;t generate code" />
          <GetTxCompleteStatus v="don&amp;apos;t generate code" />
          <SetEventMask v="don&amp;apos;t generate code" />
          <GetEventMask v="don&amp;apos;t generate code" />
          <SelectBaudRate v="don&amp;apos;t generate code" />
          <GetSelectedBaudRate v="don&amp;apos;t generate code" />
          <SetParity v="don&amp;apos;t generate code" />
          <GetParity v="don&amp;apos;t generate code" />
          <SetDataWidth v="don&amp;apos;t generate code" />
          <GetDataWidth v="don&amp;apos;t generate code" />
          <SetStopBitLength v="don&amp;apos;t generate code" />
          <GetStopBitLength v="don&amp;apos;t generate code" />
          <SetLoopMode v="don&amp;apos;t generate code" />
          <GetLoopMode v="don&amp;apos;t generate code" />
          <GetStats v="don&amp;apos;t generate code" />
          <ClearStats v="don&amp;apos;t generate code" />
          <SendBreak v="don&amp;apos;t generate code" />
          <GetBreak v="don&amp;apos;t generate code" />
          <TurnTxOn v="don&amp;apos;t generate code" />
          <TurnTxOff v="don&amp;apos;t generate code" />
          <TurnRxOn v="don&amp;apos;t generate code" />
          <TurnRxOff v="don&amp;apos;t generate code" />
          <ConnectPin v="don&amp;apos;t generate code" />
          <Main v="don&amp;apos;t generate code" />
          <SetOperationMode v="don&amp;apos;t generate code" />
          <GetDriverState v="don&amp;apos;t generate code" />
        </Methods>
        <Events>
          <Event_module_name v="Events" />
          <event name="OnBlockReceived" v="generate code">
            <Event_procedure_name v="ASerialLdd1_OnBlockReceived" />
          </event>
          <event name="OnBlockSent" v="generate code">
            <Event_procedure_name v="ASerialLdd1_OnBlockSent" />
          </event>
          <event name="OnBreak" v="generate code">
            <Event_procedure_name v="ASerialLdd1_OnBreak" />
          </event>
          <event name="OnError" v="generate code">
            <Event_procedure_name v="ASerialLdd1_OnError" />
          </event>
          <event name="OnTxComplete" v="don&amp;apos;t generate code" />
        </Events>
      </inhrbean>
      <boolgroup name="Interrupt service/event" v="Enabled">
        <Interrupt_RxD v="INT_UART0" />
        <Interrupt_RxD_priority v="medium priority" />
        <Interrupt_TxD v="INT_UART0" />
        <Interrupt_TxD_priority v="medium priority" />
        <Interrupt_Error v="INT_UART0" />
        <Interrupt_Error_priority v="medium priority" />
        <Input_buffer_size v="16" />
        <Output_buffer_size v="16" />
        <group name="Handshake">
          <boolgroup name="CTS" v="Disabled" />
          <boolgroup name="RTS" v="Disabled" />
        </group>
      </boolgroup>
      <group name="Settings">
        <Parity v="none" />
        <Width v="8 bits" />
        <Stop_bit v="1" />
        <boolgroup name="Receiver" v="Enabled">
          <RxD v="TSI0_CH2/PTA1/UART0_RX/TPM2_CH0" />
          <RxD_pin_signal v="" />
        </boolgroup>
        <boolgroup name="Transmitter" v="Enabled">
          <TxD v="TSI0_CH3/PTA2/UART0_TX/TPM2_CH1" />
          <TxD_pin_signal v="" />
        </boolgroup>
        <Baud_rate v="9600 baud" />
        <Break_signal v="Disabled" />
        <Wakeup_condition v="Idle line wakeup" />
        <Transmitter_output v="Not inverted" />
        <Receiver_input v="Not inverted" />
        <Stop_in_wait_mode v="no" />
        <Idle_line_mode v="starts after start bit" />
        <Break_generation_length v="Short" />
      </group>
      <group name="Initialization">
        <Enabled_in_init__code v="yes" />
        <Events_enabled_in_init_ v="yes" />
      </group>
      <group name="CPU clock/speed selection">
        <High_speed_mode v="This component enabled" />
        <Low_speed_mode v="This component disabled" />
        <Slow_speed_mode v="This component disabled" />
      </group>
    </Properties>
    <Methods>
      <Enable v="don&amp;apos;t generate code" />
      <Disable v="don&amp;apos;t generate code" />
      <EnableEvent v="don&amp;apos;t generate code" />
      <DisableEvent v="don&amp;apos;t generate code" />
      <RecvChar v="generate code" />
      <SendChar v="generate code" />
      <RecvBlock v="generate code" />
      <SendBlock v="generate code" />
      <ClearRxBuf v="generate code" />
      <ClearTxBuf v="generate code" />
      <CharsInRxBuf v="don&amp;apos;t generate code" />
      <GetCharsInRxBuf v="generate code" />
      <CharsInTxBuf v="don&amp;apos;t generate code" />
      <GetCharsInTxBuf v="generate code" />
      <SetBaudRateMode v="don&amp;apos;t generate code" />
      <GetError v="don&amp;apos;t generate code" />
      <GetBreak v="don&amp;apos;t generate code" />
      <SetBreak v="don&amp;apos;t generate code" />
      <TurnTxOn v="don&amp;apos;t generate code" />
      <TurnTxOff v="don&amp;apos;t generate code" />
      <TurnRxOn v="don&amp;apos;t generate code" />
      <TurnRxOff v="don&amp;apos;t generate code" />
      <LoopMode v="don&amp;apos;t generate code" />
      <ConnectPin v="don&amp;apos;t generate code" />
    </Methods>
    <Events>
      <Event_module_name v="Events" />
      <event name="BeforeNewSpeed" v="don&amp;apos;t generate code" />
      <event name="AfterNewSpeed" v="don&amp;apos;t generate code" />
      <event name="OnError" v="generate code">
        <Event_procedure_name v="AS1_OnError" />
        <Priority v="same as interrupt" />
      </event>
      <event name="OnRxChar" v="generate code">
        <Event_procedure_name v="AS1_OnRxChar" />
        <Priority v="same as interrupt" />
      </event>
      <event name="OnRxCharExt" v="don&amp;apos;t generate code" />
      <event name="OnTxChar" v="generate code">
        <Event_procedure_name v="AS1_OnTxChar" />
        <Priority v="same as interrupt" />
      </event>
      <event name="OnFullRxBuf" v="generate code">
        <Event_procedure_name v="AS1_OnFullRxBuf" />
        <Priority v="same as interrupt" />
      </event>
      <event name="OnFreeTxBuf" v="generate code">
        <Event_procedure_name v="AS1_OnFreeTxBuf" />
        <Priority v="same as interrupt" />
      </event>
      <event name="OnBreak" v="don&amp;apos;t generate code" />
      <event name="OnTxComplete" v="don&amp;apos;t generate code" />
    </Events>
  </Bean>
  <Bean name="AS2" type="AsynchroSerial">
    <Enabled v="Y" />
    <Properties>
      <Component_name v="AS2" />
      <Channel v="UART1" />
      <inhrbean type="Serial_LDD">
        <Enabled v="Y" />
        <Properties>
          <Component_name v="ASerialLdd2" />
          <Device v="UART1" />
          <boolgroup name="Interrupt service/event" v="Enabled">
            <Interrupt_RxD v="INT_UART1" />
            <Interrupt_RxD_priority v="medium priority" />
            <Interrupt_TxD v="INT_UART1" />
            <Interrupt_TxD_priority v="medium priority" />
            <Interrupt_Error v="INT_UART1" />
            <Interrupt_Error_priority v="medium priority" />
          </boolgroup>
          <group name="Settings">
            <Data_width v="8 bits" />
            <Parity v="None" />
            <Stop_bits v="1" />
            <Loop_mode v="Normal" />
            <Baud_rate v="19200 baud" />
            <Wakeup_condition v="Idle line wakeup" />
            <Stop_in_wait_mode v="no" />
            <Idle_line_mode v="Starts after start bit" />
            <Transmitter_output v="Not inverted" />
            <Receiver_input v="Not inverted" />
            <Break_generation_length v="10/11 bits" />
            <boolgroup name="Receiver" v="Enabled">
              <RxD v="PTE1/SPI1_MOSI/UART1_RX/SPI1_MISO/I2C1_SCL" />
              <RxD_pin_signal v="" />
            </boolgroup>
            <boolgroup name="Transmitter" v="Enabled">
              <TxD v="PTE0/UART1_TX/RTC_CLKOUT/CMP0_OUT/I2C1_SDA" />
              <TxD_pin_signal v="" />
            </boolgroup>
            <enumgroup name="Flow control" v="None">
              <EmptySection_DummyValue />
            </enumgroup>
          </group>
          <group name="Initialization">
            <Enabled_in_init__code v="yes" />
            <list name="Auto Initialization" v="1">
              <Auto_initialization v="no" />
            </list>
            <group name="Event mask">
              <OnBlockSent v="Enabled" />
              <OnBlockReceived v="Enabled" />
              <OnTxComplete v="Disabled" />
              <OnError v="Enabled" />
              <OnBreak v="Enabled" />
            </group>
          </group>
          <list name="CPU clock/configuration selection (included)" v="1">
            <group name="CPU clock/configuration selection">
              <Clock_configuration_0 v="This component enabled" />
              <Clock_configuration_1 v="This component disabled" />
              <Clock_configuration_2 v="This component disabled" />
              <Clock_configuration_3 v="This component enabled" />
              <Clock_configuration_4 v="This component enabled" />
              <Clock_configuration_5 v="This component enabled" />
              <Clock_configuration_6 v="This component enabled" />
              <Clock_configuration_7 v="This component enabled" />
            </group>
          </list>
        </Properties>
        <Methods>
          <Init v="generate code" />
          <Deinit v="don&amp;apos;t generate code" />
          <Enable v="don&amp;apos;t generate code" />
          <Disable v="don&amp;apos;t generate code" />
          <SendBlock v="generate code" />
          <ReceiveBlock v="generate code" />
          <CancelBlockTransmission v="don&amp;apos;t generate code" />
          <CancelBlockReception v="don&amp;apos;t generate code" />
          <GetError v="generate code" />
          <GetSentDataNum v="don&amp;apos;t generate code" />
          <GetReceivedDataNum v="don&amp;apos;t generate code" />
          <GetTxCompleteStatus v="don&amp;apos;t generate code" />
          <SetEventMask v="don&amp;apos;t generate code" />
          <GetEventMask v="don&amp;apos;t generate code" />
          <SelectBaudRate v="don&amp;apos;t generate code" />
          <GetSelectedBaudRate v="don&amp;apos;t generate code" />
          <SetParity v="don&amp;apos;t generate code" />
          <GetParity v="don&amp;apos;t generate code" />
          <SetDataWidth v="don&amp;apos;t generate code" />
          <GetDataWidth v="don&amp;apos;t generate code" />
          <SetStopBitLength v="don&amp;apos;t generate code" />
          <GetStopBitLength v="don&amp;apos;t generate code" />
          <SetLoopMode v="don&amp;apos;t generate code" />
          <GetLoopMode v="don&amp;apos;t generate code" />
          <GetStats v="don&amp;apos;t generate code" />
          <ClearStats v="don&amp;apos;t generate code" />
          <SendBreak v="don&amp;apos;t generate code" />
          <GetBreak v="don&amp;apos;t generate code" />
          <TurnTxOn v="don&amp;apos;t generate code" />
          <TurnTxOff v="don&amp;apos;t generate code" />
          <TurnRxOn v="don&amp;apos;t generate code" />
          <TurnRxOff v="don&amp;apos;t generate code" />
          <ConnectPin v="don&amp;apos;t generate code" />
          <Main v="don&amp;apos;t generate code" />
          <SetOperationMode v="don&amp;apos;t generate code" />
          <GetDriverState v="don&amp;apos;t generate code" />
        </Methods>
        <Events>
          <Event_module_name v="Events" />
          <event name="OnBlockReceived" v="generate code">
            <Event_procedure_name v="ASerialLdd2_OnBlockReceived" />
          </event>
          <event name="OnBlockSent" v="generate code">
            <Event_procedure_name v="ASerialLdd2_OnBlockSent" />
          </event>
          <event name="OnBreak" v="generate code">
            <Event_procedure_name v="ASerialLdd2_OnBreak" />
          </event>
          <event name="OnError" v="generate code">
            <Event_procedure_name v="ASerialLdd2_OnError" />
          </event>
          <event name="OnTxComplete" v="don&amp;apos;t generate code" />
        </Events>
      </inhrbean>
      <boolgroup name="Interrupt service/event" v="Enabled">
        <Interrupt_RxD v="INT_UART1" />
        <Interrupt_RxD_priority v="medium priority" />
        <Interrupt_TxD v="INT_UART1" />
        <Interrupt_TxD_priority v="medium priority" />
        <Interrupt_Error v="INT_UART1" />
        <Interrupt_Error_priority v="medium priority" />
        <Input_buffer_size v="16" />
        <Output_buffer_size v="16" />
        <group name="Handshake">
          <boolgroup name="CTS" v="Disabled" />
          <boolgroup name="RTS" v="Disabled" />
        </group>
      </boolgroup>
      <group name="Settings">
        <Parity v="none" />
        <Width v="8 bits" />
        <Stop_bit v="1" />
        <boolgroup name="Receiver" v="Enabled">
          <RxD v="PTE1/SPI1_MOSI/UART1_RX/SPI1_MISO/I2C1_SCL" />
          <RxD_pin_signal v="" />
        </boolgroup>
        <boolgroup name="Transmitter" v="Enabled">
          <TxD v="PTE0/UART1_TX/RTC_CLKOUT/CMP0_OUT/I2C1_SDA" />
          <TxD_pin_signal v="" />
        </boolgroup>
        <Baud_rate v="19200 baud" />
        <Break_signal v="Disabled" />
        <Wakeup_condition v="Idle line wakeup" />
        <Transmitter_output v="Not inverted" />
        <Receiver_input v="Not inverted" />
        <Stop_in_wait_mode v="no" />
        <Idle_line_mode v="starts after start bit" />
        <Break_generation_length v="Short" />
      </group>
      <group name="Initialization">
        <Enabled_in_init__code v="yes" />
        <Events_enabled_in_init_ v="yes" />
      </group>
      <group name="CPU clock/speed selection">
        <High_speed_mode v="This component enabled" />
        <Low_speed_mode v="This component disabled" />
        <Slow_speed_mode v="This component disabled" />
      </group>
    </Properties>
    <Methods>
      <Enable v="don&amp;apos;t generate code" />
      <Disable v="don&amp;apos;t generate code" />
      <EnableEvent v="don&amp;apos;t generate code" />
      <DisableEvent v="don&amp;apos;t generate code" />
      <RecvChar v="generate code" />
      <SendChar v="generate code" />
      <RecvBlock v="generate code" />
      <SendBlock v="generate code" />
      <ClearRxBuf v="generate code" />
      <ClearTxBuf v="generate code" />
      <CharsInRxBuf v="don&amp;apos;t generate code" />
      <GetCharsInRxBuf v="generate code" />
      <CharsInTxBuf v="don&amp;apos;t generate code" />
      <GetCharsInTxBuf v="generate code" />
      <SetBaudRateMode v="don&amp;apos;t generate code" />
      <GetError v="don&amp;apos;t generate code" />
      <GetBreak v="don&amp;apos;t generate code" />
      <SetBreak v="don&amp;apos;t generate code" />
      <TurnTxOn v="don&amp;apos;t generate code" />
      <TurnTxOff v="don&amp;apos;t generate code" />
      <TurnRxOn v="don&amp;apos;t generate code" />
      <TurnRxOff v="don&amp;apos;t generate code" />
      <LoopMode v="don&amp;apos;t generate code" />
      <ConnectPin v="don&amp;apos;t generate code" />
    </Methods>
    <Events>
      <Event_module_name v="Events" />
      <event name="BeforeNewSpeed" v="don&amp;apos;t generate code" />
      <event name="AfterNewSpeed" v="don&amp;apos;t generate code" />
      <event name="OnError" v="generate code">
        <Event_procedure_name v="AS2_OnError" />
        <Priority v="same as interrupt" />
      </event>
      <event name="OnRxChar" v="generate code">
        <Event_procedure_name v="AS2_OnRxChar" />
        <Priority v="same as interrupt" />
      </event>
      <event name="OnRxCharExt" v="don&amp;apos;t generate code" />
      <event name="OnTxChar" v="generate code">
        <Event_procedure_name v="AS2_OnTxChar" />
        <Priority v="same as interrupt" />
      </event>
      <event name="OnFullRxBuf" v="generate code">
        <Event_procedure_name v="AS2_OnFullRxBuf" />
        <Priority v="same as interrupt" />
      </event>
      <event name="OnFreeTxBuf" v="generate code">
        <Event_procedure_name v="AS2_OnFreeTxBuf" />
        <Priority v="same as interrupt" />
      </event>
      <event name="OnBreak" v="don&amp;apos;t generate code" />
      <event name="OnTxComplete" v="don&amp;apos;t generate code" />
    </Events>
  </Bean>
  <Bean name="AS3" type="AsynchroSerial">
    <Enabled v="Y" />
    <Properties>
      <Component_name v="AS3" />
      <Channel v="UART2" />
      <inhrbean type="Serial_LDD">
        <Enabled v="Y" />
        <Properties>
          <Component_name v="ASerialLdd3" />
          <Device v="UART2" />
          <boolgroup name="Interrupt service/event" v="Enabled">
            <Interrupt_RxD v="INT_UART2" />
            <Interrupt_RxD_priority v="medium priority" />
            <Interrupt_TxD v="INT_UART2" />
            <Interrupt_TxD_priority v="medium priority" />
            <Interrupt_Error v="INT_UART2" />
            <Interrupt_Error_priority v="medium priority" />
          </boolgroup>
          <group name="Settings">
            <Data_width v="8 bits" />
            <Parity v="None" />
            <Stop_bits v="1" />
            <Loop_mode v="Normal" />
            <Baud_rate v="9600 baud" />
            <Wakeup_condition v="Idle line wakeup" />
            <Stop_in_wait_mode v="no" />
            <Idle_line_mode v="Starts after start bit" />
            <Transmitter_output v="Not inverted" />
            <Receiver_input v="Not inverted" />
            <Break_generation_length v="10/11 bits" />
            <boolgroup name="Receiver" v="Enabled">
              <RxD v="PTD2/SPI0_MOSI/UART2_RX/TPM0_CH2/SPI0_MISO" />
              <RxD_pin_signal v="" />
            </boolgroup>
            <boolgroup name="Transmitter" v="Enabled">
              <TxD v="PTD3/SPI0_MISO/UART2_TX/TPM0_CH3/SPI0_MOSI" />
              <TxD_pin_signal v="" />
            </boolgroup>
            <enumgroup name="Flow control" v="None">
              <EmptySection_DummyValue />
            </enumgroup>
          </group>
          <group name="Initialization">
            <Enabled_in_init__code v="yes" />
            <list name="Auto Initialization" v="1">
              <Auto_initialization v="no" />
            </list>
            <group name="Event mask">
              <OnBlockSent v="Enabled" />
              <OnBlockReceived v="Enabled" />
              <OnTxComplete v="Disabled" />
              <OnError v="Enabled" />
              <OnBreak v="Enabled" />
            </group>
          </group>
          <list name="CPU clock/configuration selection (included)" v="1">
            <group name="CPU clock/configuration selection">
              <Clock_configuration_0 v="This component enabled" />
              <Clock_configuration_1 v="This component disabled" />
              <Clock_configuration_2 v="This component disabled" />
              <Clock_configuration_3 v="This component enabled" />
              <Clock_configuration_4 v="This component enabled" />
              <Clock_configuration_5 v="This component enabled" />
              <Clock_configuration_6 v="This component enabled" />
              <Clock_configuration_7 v="This component enabled" />
            </group>
          </list>
        </Properties>
        <Methods>
          <Init v="generate code" />
          <Deinit v="don&amp;apos;t generate code" />
          <Enable v="don&amp;apos;t generate code" />
          <Disable v="don&amp;apos;t generate code" />
          <SendBlock v="generate code" />
          <ReceiveBlock v="generate code" />
          <CancelBlockTransmission v="don&amp;apos;t generate code" />
          <CancelBlockReception v="don&amp;apos;t generate code" />
          <GetError v="generate code" />
          <GetSentDataNum v="don&amp;apos;t generate code" />
          <GetReceivedDataNum v="don&amp;apos;t generate code" />
          <GetTxCompleteStatus v="don&amp;apos;t generate code" />
          <SetEventMask v="don&amp;apos;t generate code" />
          <GetEventMask v="don&amp;apos;t generate code" />
          <SelectBaudRate v="don&amp;apos;t generate code" />
          <GetSelectedBaudRate v="don&amp;apos;t generate code" />
          <SetParity v="don&amp;apos;t generate code" />
          <GetParity v="don&amp;apos;t generate code" />
          <SetDataWidth v="don&amp;apos;t generate code" />
          <GetDataWidth v="don&amp;apos;t generate code" />
          <SetStopBitLength v="don&amp;apos;t generate code" />
          <GetStopBitLength v="don&amp;apos;t generate code" />
          <SetLoopMode v="don&amp;apos;t generate code" />
          <GetLoopMode v="don&amp;apos;t generate code" />
          <GetStats v="don&amp;apos;t generate code" />
          <ClearStats v="don&amp;apos;t generate code" />
          <SendBreak v="don&amp;apos;t generate code" />
          <GetBreak v="don&amp;apos;t generate code" />
          <TurnTxOn v="don&amp;apos;t generate code" />
          <TurnTxOff v="don&amp;apos;t generate code" />
          <TurnRxOn v="don&amp;apos;t generate code" />
          <TurnRxOff v="don&amp;apos;t generate code" />
          <ConnectPin v="don&amp;apos;t generate code" />
          <Main v="don&amp;apos;t generate code" />
          <SetOperationMode v="don&amp;apos;t generate code" />
          <GetDriverState v="don&amp;apos;t generate code" />
        </Methods>
        <Events>
          <Event_module_name v="Events" />
          <event name="OnBlockReceived" v="generate code">
            <Event_procedure_name v="ASerialLdd3_OnBlockReceived" />
          </event>
          <event name="OnBlockSent" v="generate code">
            <Event_procedure_name v="ASerialLdd3_OnBlockSent" />
          </event>
          <event name="OnBreak" v="generate code">
            <Event_procedure_name v="ASerialLdd3_OnBreak" />
          </event>
          <event name="OnError" v="generate code">
            <Event_procedure_name v="ASerialLdd3_OnError" />
          </event>
          <event name="OnTxComplete" v="don&amp;apos;t generate code" />
        </Events>
      </inhrbean>
      <boolgroup name="Interrupt service/event" v="Enabled">
        <Interrupt_RxD v="INT_UART2" />
        <Interrupt_RxD_priority v="medium priority" />
        <Interrupt_TxD v="INT_UART2" />
        <Interrupt_TxD_priority v="medium priority" />
        <Interrupt_Error v="INT_UART2" />
        <Interrupt_Error_priority v="medium priority" />
        <Input_buffer_size v="16" />
        <Output_buffer_size v="16" />
        <group name="Handshake">
          <boolgroup name="CTS" v="Disabled" />
          <boolgroup name="RTS" v="Disabled" />
        </group>
      </boolgroup>
      <group name="Settings">
        <Parity v="none" />
        <Width v="8 bits" />
        <Stop_bit v="1" />
        <boolgroup name="Receiver" v="Enabled">
          <RxD v="PTD2/SPI0_MOSI/UART2_RX/TPM0_CH2/SPI0_MISO" />
          <RxD_pin_signal v="" />
        </boolgroup>
        <boolgroup name="Transmitter" v="Enabled">
          <TxD v="PTD3/SPI0_MISO/UART2_TX/TPM0_CH3/SPI0_MOSI" />
          <TxD_pin_signal v="" />
        </boolgroup>
        <Baud_rate v="9600 baud" />
        <Break_signal v="Disabled" />
        <Wakeup_condition v="Idle line wakeup" />
        <Transmitter_output v="Not inverted" />
        <Receiver_input v="Not inverted" />
        <Stop_in_wait_mode v="no" />
        <Idle_line_mode v="starts after start bit" />
        <Break_generation_length v="Short" />
      </group>
      <group name="Initialization">
        <Enabled_in_init__code v="yes" />
        <Events_enabled_in_init_ v="yes" />
      </group>
      <group name="CPU clock/speed selection">
        <High_speed_mode v="This component enabled" />
        <Low_speed_mode v="This component disabled" />
        <Slow_speed_mode v="This component disabled" />
      </group>
    </Properties>
    <Methods>
      <Enable v="don&amp;apos;t generate code" />
      <Disable v="don&amp;apos;t generate code" />
      <EnableEvent v="don&amp;apos;t generate code" />
      <DisableEvent v="don&amp;apos;t generate code" />
      <RecvChar v="generate code" />
      <SendChar v="generate code" />
      <RecvBlock v="generate code" />
      <SendBlock v="generate code" />
      <ClearRxBuf v="generate code" />
      <ClearTxBuf v="generate code" />
      <CharsInRxBuf v="don&amp;apos;t generate code" />
      <GetCharsInRxBuf v="generate code" />
      <CharsInTxBuf v="don&amp;apos;t generate code" />
      <GetCharsInTxBuf v="generate code" />
      <SetBaudRateMode v="don&amp;apos;t generate code" />
      <GetError v="don&amp;apos;t generate code" />
      <GetBreak v="don&amp;apos;t generate code" />
      <SetBreak v="don&amp;apos;t generate code" />
      <TurnTxOn v="don&amp;apos;t generate code" />
      <TurnTxOff v="don&amp;apos;t generate code" />
      <TurnRxOn v="don&amp;apos;t generate code" />
      <TurnRxOff v="don&amp;apos;t generate code" />
      <LoopMode v="don&amp;apos;t generate code" />
      <ConnectPin v="don&amp;apos;t generate code" />
    </Methods>
    <Events>
      <Event_module_name v="Events" />
      <event name="BeforeNewSpeed" v="don&amp;apos;t generate code" />
      <event name="AfterNewSpeed" v="don&amp;apos;t generate code" />
      <event name="OnError" v="generate code">
        <Event_procedure_name v="AS3_OnError" />
        <Priority v="same as interrupt" />
      </event>
      <event name="OnRxChar" v="generate code">
        <Event_procedure_name v="AS3_OnRxChar" />
        <Priority v="same as interrupt" />
      </event>
      <event name="OnRxCharExt" v="don&amp;apos;t generate code" />
      <event name="OnTxChar" v="generate code">
        <Event_procedure_name v="AS3_OnTxChar" />
        <Priority v="same as interrupt" />
      </event>
      <event name="OnFullRxBuf" v="generate code">
        <Event_procedure_name v="AS3_OnFullRxBuf" />
        <Priority v="same as interrupt" />
      </event>
      <event name="OnFreeTxBuf" v="generate code">
        <Event_procedure_name v="AS3_OnFreeTxBuf" />
        <Priority v="same as interrupt" />
      </event>
      <event name="OnBreak" v="don&amp;apos;t generate code" />
      <event name="OnTxComplete" v="don&amp;apos;t generate code" />
    </Events>
  </Bean>
  <Bean name="USB1" type="FSL_USB_Stack">
    <Enabled v="Y" />
    <Properties>
      <Component_name v="USB1" />
      <Freescale_USB_Stack_Version v="v4.0.2" />
      <CPU v="Kinetis KL25" />
      <inhrbean type="Init_USB_OTG">
        <Enabled v="Y" />
        <Template v="Init_USB_OTG_VAR0" />
        <Properties>
          <Component_name v="USBInit1" />
          <Device v="USB0" />
          <group name="Settings">
            <Clock_gate v="Enabled" />
            <group name="Clock settings">
              <Module_clock_source v="PLL/Fll clock" />
              <Module_clock_freqency v="48 MHz" />
            </group>
            <group name="Pull-up/pull-down settings">
              <Weak_pulldowns v="Enabled" />
              <Pull_up_pull_down_control v="Mode dependent" />
              <D__pull_up v="Disabled" />
              <D__pull_down v="Disabled" />
              <D__pull_down v="Disabled" />
              <D__pull_up_for_non_OTG_mode v="Disabled" />
            </group>
            <group name="Endpoints">
              <group name="EP0">
                <Direct_low_speed v="Disabled" />
                <Retry v="Enabled" />
                <Setup_transfers v="Enabled" />
                <Handshake v="Disabled" />
                <Rx_transfer v="Disabled" />
                <Tx_transfer v="Disabled" />
                <Force_stall v="Disabled" />
              </group>
              <group name="EP1">
                <Setup_transfers v="Enabled" />
                <Handshake v="Disabled" />
                <Rx_transfer v="Disabled" />
                <Tx_transfer v="Disabled" />
                <Force_stall v="Disabled" />
              </group>
              <group name="EP2">
                <Setup_transfers v="Enabled" />
                <Handshake v="Disabled" />
                <Rx_transfer v="Disabled" />
                <Tx_transfer v="Disabled" />
                <Force_stall v="Disabled" />
              </group>
              <group name="EP3">
                <Setup_transfers v="Enabled" />
                <Handshake v="Disabled" />
                <Rx_transfer v="Disabled" />
                <Tx_transfer v="Disabled" />
                <Force_stall v="Disabled" />
              </group>
              <group name="EP4">
                <Setup_transfers v="Enabled" />
                <Handshake v="Disabled" />
                <Rx_transfer v="Disabled" />
                <Tx_transfer v="Disabled" />
                <Force_stall v="Disabled" />
              </group>
              <group name="EP5">
                <Setup_transfers v="Enabled" />
                <Handshake v="Disabled" />
                <Rx_transfer v="Disabled" />
                <Tx_transfer v="Disabled" />
                <Force_stall v="Disabled" />
              </group>
              <group name="EP6">
                <Setup_transfers v="Enabled" />
                <Handshake v="Disabled" />
                <Rx_transfer v="Disabled" />
                <Tx_transfer v="Disabled" />
                <Force_stall v="Disabled" />
              </group>
              <group name="EP7">
                <Setup_transfers v="Enabled" />
                <Handshake v="Disabled" />
                <Rx_transfer v="Disabled" />
                <Tx_transfer v="Disabled" />
                <Force_stall v="Disabled" />
              </group>
              <group name="EP8">
                <Setup_transfers v="Enabled" />
                <Handshake v="Disabled" />
                <Rx_transfer v="Disabled" />
                <Tx_transfer v="Disabled" />
                <Force_stall v="Disabled" />
              </group>
              <group name="EP9">
                <Setup_transfers v="Enabled" />
                <Handshake v="Disabled" />
                <Rx_transfer v="Disabled" />
                <Tx_transfer v="Disabled" />
                <Force_stall v="Disabled" />
              </group>
              <group name="EP10">
                <Setup_transfers v="Enabled" />
                <Handshake v="Disabled" />
                <Rx_transfer v="Disabled" />
                <Tx_transfer v="Disabled" />
                <Force_stall v="Disabled" />
              </group>
              <group name="EP11">
                <Setup_transfers v="Enabled" />
                <Handshake v="Disabled" />
                <Rx_transfer v="Disabled" />
                <Tx_transfer v="Disabled" />
                <Force_stall v="Disabled" />
              </group>
              <group name="EP12">
                <Setup_transfers v="Enabled" />
                <Handshake v="Disabled" />
                <Rx_transfer v="Disabled" />
                <Tx_transfer v="Disabled" />
                <Force_stall v="Disabled" />
              </group>
              <group name="EP13">
                <Setup_transfers v="Enabled" />
                <Handshake v="Disabled" />
                <Rx_transfer v="Disabled" />
                <Tx_transfer v="Disabled" />
                <Force_stall v="Disabled" />
              </group>
              <group name="EP14">
                <Setup_transfers v="Enabled" />
                <Handshake v="Disabled" />
                <Rx_transfer v="Disabled" />
                <Tx_transfer v="Disabled" />
                <Force_stall v="Disabled" />
              </group>
              <group name="EP15">
                <Setup_transfers v="Enabled" />
                <Handshake v="Disabled" />
                <Rx_transfer v="Disabled" />
                <Tx_transfer v="Disabled" />
                <Force_stall v="Disabled" />
              </group>
            </group>
            <group name="Buffer descriptor table">
              <External_object_declaration v="extern uint8 g_Mem[];" />
              <Address v="((uint32)&amp;amp;g_Mem[0])" />
            </group>
            <SOF_threshold v="0" />
          </group>
          <group name="Pins">
            <boolgroup name="Alternate clock source" v="Disabled" />
            <group name="Data plus">
              <Pin v="USB0_DP" />
              <Pin_signal v="" />
            </group>
            <group name="Data minus">
              <Pin v="USB0_DM" />
              <Pin_signal v="" />
            </group>
          </group>
          <group name="Interrupts">
            <group name="USB">
              <Interrupt v="INT_USB0" />
              <Interrupt_request v="Disabled" />
              <Interrupt_priority v="0 (Highest)" />
              <ISR_Name v="USB_ISR" />
              <Stall v="Enabled" />
              <Attach v="Enabled" />
              <Resume v="Enabled" />
              <Sleep v="Enabled" />
              <Token_OK v="Enabled" />
              <Start_of_frame v="Enabled" />
              <Error_interrupt v="Enabled" />
              <USB_reset v="Enabled" />
              <Asynchronous_Resume_interrupt v="Enabled" />
              <group name="Error interrupts">
                <Bit_stuff_error v="Disabled" />
                <DMA_error v="Disabled" />
                <Bus_turnaround_timeout v="Disabled" />
                <Data_length_error v="Disabled" />
                <CRC16_error v="Disabled" />
                <CRC5_or_EOF v="Disabled" />
                <PID_error v="Disabled" />
              </group>
              <group name="OTG interrupts ">
                <ID_pin_changed v="Disabled" />
                <_1_ms_interrupt v="Disabled" />
                <Line_stage_change v="Disabled" />
                <Session_valid v="Disabled" />
                <_B__session_end v="Disabled" />
                <_A__bus_valid v="Disabled" />
              </group>
            </group>
          </group>
          <group name="Initialization">
            <enumgroup name="Mode" v="Device">
              <EmptySection_DummyValue />
            </enumgroup>
            <USB_transceiver_suspend_state v="Enabled" />
            <Call_Init_method v="yes" />
          </group>
        </Properties>
        <Methods>
          <Init v="generate code" />
        </Methods>
        <Events>
          <EmptySection_DummyValue />
        </Events>
      </inhrbean>
      <Device_Class v="CDC" />
      <boolgroup name="CDC Settings" v="Enabled">
        <_inf_ClassGuid v="4D36E978-E325-11CE-BFC1-08002BE10318" />
        <_inf_VID v="9476" />
        <_inf_PID v="768" />
        <_inf_PRVDR v="Freescale" />
        <_inf_MFGNAME v="My Company" />
        <_inf_DESCRIPTION v="Freescale CDC Device" />
        <_inf_SERVICE v="Virtual Com Driver" />
        <Bus_reported_device v="FSL CDC DEVICE  " />
        <Bus_reported_vendor v="FREESCALE INC.              " />
      </boolgroup>
      <inhrbean type="RingBufferUInt8">
        <Enabled v="Y" />
        <Template v="Buffer" />
        <Properties>
          <Component_name v="Tx1" />
          <Buffer_Size v="64" />
        </Properties>
        <Methods>
          <Put v="generate code" />
          <Get v="generate code" />
          <NofElements v="generate code" />
          <NofFreeElements v="generate code" />
          <Init v="generate code" />
        </Methods>
        <Events>
          <Event_module_name v="Events" />
          <event name="OnBufferFull" v="don&amp;apos;t generate code" />
          <event name="OnBufferEmpty" v="don&amp;apos;t generate code" />
        </Events>
      </inhrbean>
      <inhrbean type="RingBufferUInt8">
        <Enabled v="Y" />
        <Template v="Buffer" />
        <Properties>
          <Component_name v="Rx1" />
          <Buffer_Size v="64" />
        </Properties>
        <Methods>
          <Put v="generate code" />
          <Get v="generate code" />
          <NofElements v="generate code" />
          <NofFreeElements v="generate code" />
          <Init v="generate code" />
        </Methods>
        <Events>
          <Event_module_name v="Events" />
          <event name="OnBufferFull" v="don&amp;apos;t generate code" />
          <event name="OnBufferEmpty" v="don&amp;apos;t generate code" />
        </Events>
      </inhrbean>
      <Call_Init_Method v="yes" />
    </Properties>
    <Methods>
      <GetFreeInTxBuf v="generate code" />
      <GetCharsInTxBuf v="generate code" />
      <GetCharsInRxBuf v="generate code" />
      <GetChar v="generate code" />
      <RecvChar v="generate code" />
      <SendChar v="generate code" />
      <SendString v="generate code" />
      <PutBufferChecked v="generate code" />
      <App_Task v="generate code" />
      <Init v="generate code" />
    </Methods>
    <Events>
      <Event_module_name v="Events" />
      <event name="OnError" v="don&amp;apos;t generate code" />
    </Events>
  </Bean>
  <Bean name="I2C2" type="I2C_LDD">
    <Enabled v="Y" />
    <Properties>
      <Component_name v="I2C2" />
      <I2C_channel v="I2C0" />
      <boolgroup name="Interrupt service" v="Enabled">
        <Interrupt v="INT_I2C0" />
        <Interrupt_priority v="medium priority" />
      </boolgroup>
      <group name="Settings">
        <Mode_selection v="MASTER" />
        <boolgroup name="MASTER mode" v="Enabled">
          <group name="Initialization">
            <Address_mode v="7-bit addressing" />
            <Target_slave_address_init v="29" />
          </group>
        </boolgroup>
        <boolgroup name="SLAVE mode" v="Disabled" />
        <group name="Pins">
          <group name="SDA pin">
            <SDA_pin v="PTE25/TPM0_CH1/I2C0_SDA" />
            <SDA_pin_signal v="" />
          </group>
          <group name="SCL pin">
            <SCL_pin v="PTE24/TPM0_CH0/I2C0_SCL" />
            <SCL_pin_signal v="" />
          </group>
          <High_drive_select v="Disabled" />
          <Input_Glitch_filter v="0" />
        </group>
        <Internal_frequency__multiplier_factor_ v="6 MHz" />
        <Bits_0_2_of_Frequency_divider_register v="000" />
        <Bits_3_5_of_Frequency_divider_register v="011" />
        <SCL_frequency v="75 kHz" />
        <SDA_Hold v="1.5 us" />
        <SCL_start_Hold v="6.333 us" />
        <SCL_stop_Hold v="6.833 us" />
        <boolgroup name="Control acknowledge bit" v="Disabled" />
        <boolgroup name="Low timeout" v="Disabled" />
      </group>
      <group name="Initialization">
        <Enabled_in_init_code v="yes" />
        <list name="Auto Initialization" v="1">
          <Auto_initialization v="no" />
        </list>
        <group name="Event mask">
          <OnMasterBlockSent v="Enabled" />
          <OnMasterBlockReceived v="Enabled" />
          <OnMasterByteReceived v="Disabled" />
          <OnSlaveBlockSent v="Disabled" />
          <OnSlaveBlockReceived v="Disabled" />
          <OnSlaveByteReceived v="Disabled" />
          <OnSlaveRxRequest v="Disabled" />
          <OnSlaveTxRequest v="Disabled" />
          <OnSlaveGeneralCallAddr v="Disabled" />
          <OnSlaveSmBusCallAddr v="Disabled" />
          <OnSlaveSmBusAlertResponse v="Disabled" />
          <OnError v="Enabled" />
          <OnBusStopDetected v="Disabled" />
        </group>
      </group>
      <list name="CPU clock/configuration selection (included)" v="1">
        <group name="CPU clock/configuration selection">
          <Clock_configuration_0 v="This component enabled" />
          <Clock_configuration_1 v="This component disabled" />
          <Clock_configuration_2 v="This component disabled" />
          <Clock_configuration_3 v="This component disabled" />
          <Clock_configuration_4 v="This component disabled" />
          <Clock_configuration_5 v="This component disabled" />
          <Clock_configuration_6 v="This component disabled" />
          <Clock_configuration_7 v="This component disabled" />
        </group>
      </list>
    </Properties>
    <Methods>
      <Init v="generate code" />
      <Deinit v="generate code" />
      <Enable v="don&amp;apos;t generate code" />
      <Disable v="don&amp;apos;t generate code" />
      <SetEventMask v="don&amp;apos;t generate code" />
      <GetEventMask v="don&amp;apos;t generate code" />
      <MasterSendBlock v="generate code" />
      <MasterGetBlockSentStatus v="don&amp;apos;t generate code" />
      <MasterGetSentDataNum v="don&amp;apos;t generate code" />
      <MasterReceiveBlock v="generate code" />
      <MasterGetBlockReceivedStatus v="don&amp;apos;t generate code" />
      <MasterGetReceivedDataNum v="don&amp;apos;t generate code" />
      <MasterUpdateReceiveBlockSize v="don&amp;apos;t generate code" />
      <SlaveSendBlock v="don&amp;apos;t generate code" />
      <SlaveGetBlockSentStatus v="don&amp;apos;t generate code" />
      <SlaveGetSentDataNum v="don&amp;apos;t generate code" />
      <SlaveCancelTransmissionBlock v="don&amp;apos;t generate code" />
      <SlaveReceiveBlock v="don&amp;apos;t generate code" />
      <SlaveGetBlockReceivedStatus v="don&amp;apos;t generate code" />
      <SlaveGetReceivedDataNum v="don&amp;apos;t generate code" />
      <SlaveUpdateReceiveBlockSize v="don&amp;apos;t generate code" />
      <SlaveCancelReceptionBlock v="don&amp;apos;t generate code" />
      <SelectSlaveDevice v="generate code" />
      <SendAcknowledge v="don&amp;apos;t generate code" />
      <GetError v="generate code" />
      <CheckBus v="don&amp;apos;t generate code" />
      <GetStats v="don&amp;apos;t generate code" />
      <ClearStats v="don&amp;apos;t generate code" />
      <Main v="don&amp;apos;t generate code" />
      <ConnectPin v="don&amp;apos;t generate code" />
      <SetOperationMode v="don&amp;apos;t generate code" />
      <GetDriverState v="don&amp;apos;t generate code" />
    </Methods>
    <Events>
      <Event_module_name v="Events" />
      <event name="OnMasterBlockSent" v="generate code">
        <Event_procedure_name v="I2C2_OnMasterBlockSent" />
      </event>
      <event name="OnMasterBlockReceived" v="generate code">
        <Event_procedure_name v="I2C2_OnMasterBlockReceived" />
      </event>
      <event name="OnMasterByteReceived" v="don&amp;apos;t generate code" />
      <event name="OnSlaveBlockSent" v="don&amp;apos;t generate code" />
      <event name="OnSlaveBlockReceived" v="don&amp;apos;t generate code" />
      <event name="OnSlaveByteReceived" v="don&amp;apos;t generate code" />
      <event name="OnSlaveRxRequest" v="don&amp;apos;t generate code" />
      <event name="OnSlaveTxRequest" v="don&amp;apos;t generate code" />
      <event name="OnSlaveGeneralCallAddr" v="don&amp;apos;t generate code" />
      <event name="OnSlaveSmBusCallAddr" v="don&amp;apos;t generate code" />
      <event name="OnSlaveSmBusAlertResponse" v="don&amp;apos;t generate code" />
      <event name="OnError" v="generate code">
        <Event_procedure_name v="I2C2_OnError" />
      </event>
      <event name="OnBusStopDetected" v="don&amp;apos;t generate code" />
    </Events>
  </Bean>
</PE_PROJECT_SETTINGS_DOCUMENTATION>

